timestamp,action,symbol,decision,quantity,price,reason,score,cash_before,cash_after,portfolio_value,pnl_realized,pnl_unrealized
2026-04-24T10:54:13.589927,PORTFOLIO_UPDATE,,,,,,,,,,,
2026-04-24T10:54:17.257584,PORTFOLIO_UPDATE,,,,,,,,,,,
2026-04-24T10:54:20.330164,PORTFOLIO_UPDATE,,,,,,,,,,,
2026-04-24T10:54:23.352986,PORTFOLIO_UPDATE,,,,,,,,,,,
2026-04-24T10:54:26.867111,SIGNAL,MA,,,,score_10.0_momentum_0.0078,10.02,,,,,
2026-04-24T10:54:26.870898,DECISION,MA,BUY,,,score_10.0_momentum_0.0078,10.02,,,,,
2026-04-24T10:54:26.872806,RISK_CHECK,MA,,100,285.09,position_size_exceeds_limit_35,,,,,,
2026-04-24T10:54:27.116051,PORTFOLIO_UPDATE,,,,,,,,,,,
2026-04-24T10:54:30.442248,SIGNAL,MCHP,,,,score_8.3_momentum_0.0060,8.26,,,,,
2026-04-24T10:54:30.442954,DECISION,MCHP,BUY,,,score_8.3_momentum_0.0060,8.26,,,,,
2026-04-24T10:54:30.443582,RISK_CHECK,MCHP,,100,302.83,position_size_exceeds_limit_33,,,,,,
2026-04-24T10:54:30.619709,PORTFOLIO_UPDATE,,,,,,,,,,,
2026-04-24T10:54:33.691856,PORTFOLIO_UPDATE,,,,,,,,,,,
2026-04-24T10:54:37.242406,PORTFOLIO_UPDATE,,,,,,,,,,,
2026-04-24T10:54:39.939576,PORTFOLIO_UPDATE,,,,,,,,,,,
2026-04-24T10:54:42.779442,SIGNAL,OKTA,,,,score_11.5_momentum_0.0032,11.48,,,,,
2026-04-24T10:54:42.780336,DECISION,OKTA,BUY,,,score_11.5_momentum_0.0032,11.48,,,,,
2026-04-24T10:54:42.781090,RISK_CHECK,OKTA,,100,345.71,position_size_exceeds_limit_29,,,,,,
2026-04-24T10:54:42.781777,SIGNAL,NIO,,,,score_10.5_momentum_0.0050,10.54,,,,,
2026-04-24T10:54:42.782575,DECISION,NIO,BUY,,,score_10.5_momentum_0.0050,10.54,,,,,
2026-04-24T10:54:42.783343,RISK_CHECK,NIO,,100,259.82,position_size_exceeds_limit_38,,,,,,
2026-04-24T10:54:42.971534,PORTFOLIO_UPDATE,,,,,,,,,,,
2026-04-24T10:54:46.432061,SIGNAL,AMZN,,,,score_11.4_momentum_0.0158,11.43,,,,,
2026-04-24T10:54:46.433013,DECISION,AMZN,BUY,,,score_11.4_momentum_0.0158,11.43,,,,,
2026-04-24T10:54:46.433892,RISK_CHECK,AMZN,,100,311.04,position_size_exceeds_limit_32,,,,,,
2026-04-24T10:54:46.434766,SIGNAL,NFLX,,,,score_9.1_momentum_0.0078,9.12,,,,,
2026-04-24T10:54:46.435759,DECISION,NFLX,BUY,,,score_9.1_momentum_0.0078,9.12,,,,,
2026-04-24T10:54:46.437150,RISK_CHECK,NFLX,,100,462.86,position_size_exceeds_limit_22,,,,,,
2026-04-24T10:54:46.628303,PORTFOLIO_UPDATE,,,,,,,,,,,
2026-04-24T10:54:49.767388,PORTFOLIO_UPDATE,,,,,,,,,,,
2026-04-24T10:54:53.173399,SIGNAL,TREX,,,,score_9.4_momentum_0.0022,9.43,,,,,
2026-04-24T10:54:53.174535,DECISION,TREX,BUY,,,score_9.4_momentum_0.0022,9.43,,,,,
2026-04-24T10:54:53.175830,RISK_CHECK,TREX,,100,381.87,position_size_exceeds_limit_26,,,,,,
2026-04-24T10:54:53.424486,PORTFOLIO_UPDATE,,,,,,,,,,,
2026-04-24T10:54:56.174687,SIGNAL,NIO,,,,score_10.4_momentum_0.0069,10.42,,,,,
2026-04-24T10:54:56.176013,DECISION,NIO,BUY,,,score_10.4_momentum_0.0069,10.42,,,,,
2026-04-24T10:54:56.177120,RISK_CHECK,NIO,,100,262.33,position_size_exceeds_limit_38,,,,,,
2026-04-24T10:54:56.403346,PORTFOLIO_UPDATE,,,,,,,,,,,
2026-04-24T10:54:59.180884,SIGNAL,NIO,,,,score_11.9_momentum_0.0105,11.88,,,,,
2026-04-24T10:54:59.182215,DECISION,NIO,BUY,,,score_11.9_momentum_0.0105,11.88,,,,,
2026-04-24T10:54:59.183469,RISK_CHECK,NIO,,100,264.3,position_size_exceeds_limit_38,,,,,,
2026-04-24T10:54:59.396327,PORTFOLIO_UPDATE,,,,,,,,,,,
2026-04-24T10:55:02.567101,PORTFOLIO_UPDATE,,,,,,,,,,,
2026-04-24T10:55:05.702079,PORTFOLIO_UPDATE,,,,,,,,,,,
2026-04-24T10:55:08.440997,SIGNAL,EXLS,,,,score_10.9_momentum_0.0055,10.93,,,,,
2026-04-24T10:55:08.442408,DECISION,EXLS,BUY,,,score_10.9_momentum_0.0055,10.93,,,,,
2026-04-24T10:55:08.443682,RISK_CHECK,EXLS,,100,130.75,position_size_exceeds_limit_76,,,,,,
2026-04-24T10:55:08.444980,SIGNAL,FSLY,,,,score_10.5_momentum_0.0073,10.49,,,,,
2026-04-24T10:55:08.446481,DECISION,FSLY,BUY,,,score_10.5_momentum_0.0073,10.49,,,,,
2026-04-24T10:55:08.448301,RISK_CHECK,FSLY,,100,504.02,position_size_exceeds_limit_20,,,,,,
2026-04-24T10:55:08.678454,PORTFOLIO_UPDATE,,,,,,,,,,,
2026-04-24T10:55:11.461281,SIGNAL,EXLS,,,,score_15.2_momentum_0.0075,15.2,,,,,
2026-04-24T10:55:11.462908,DECISION,EXLS,BUY,,,score_15.2_momentum_0.0075,15.2,,,,,
2026-04-24T10:55:11.464342,RISK_CHECK,EXLS,,100,131.1,position_size_exceeds_limit_76,,,,,,
2026-04-24T10:55:11.465781,SIGNAL,CSCO,,,,score_12.1_momentum_0.0078,12.08,,,,,
2026-04-24T10:55:11.467423,DECISION,CSCO,BUY,,,score_12.1_momentum_0.0078,12.08,,,,,
2026-04-24T10:55:11.469510,RISK_CHECK,CSCO,,100,272.17,position_size_exceeds_limit_37,,,,,,
2026-04-24T10:55:11.471569,SIGNAL,FSLY,,,,score_10.2_momentum_0.0066,10.16,,,,,
2026-04-24T10:55:11.473679,DECISION,FSLY,BUY,,,score_10.2_momentum_0.0066,10.16,,,,,
2026-04-24T10:55:11.475371,RISK_CHECK,FSLY,,100,506.61,position_size_exceeds_limit_20,,,,,,
2026-04-24T10:55:11.719143,PORTFOLIO_UPDATE,,,,,,,,,,,
2026-04-24T10:55:14.805492,SIGNAL,KMTB,,,,score_10.4_momentum_0.0040,10.41,,,,,
2026-04-24T10:55:14.810154,DECISION,KMTB,BUY,,,score_10.4_momentum_0.0040,10.41,,,,,
2026-04-24T10:55:14.813430,RISK_CHECK,KMTB,,100,182.06,position_size_exceeds_limit_55,,,,,,
2026-04-24T10:55:15.086952,PORTFOLIO_UPDATE,,,,,,,,,,,
2026-04-24T10:55:17.851439,SIGNAL,EXLS,,,,score_10.2_momentum_0.0050,10.15,,,,,
2026-04-24T10:55:17.855106,DECISION,EXLS,BUY,,,score_10.2_momentum_0.0050,10.15,,,,,
2026-04-24T10:55:17.858890,RISK_CHECK,EXLS,,100,131.69,position_size_exceeds_limit_76,,,,,,
2026-04-24T10:55:18.334402,PORTFOLIO_UPDATE,,,,,,,,,,,
2026-04-24T10:55:20.805806,SIGNAL,EXLS,,,,score_10.1_momentum_0.0047,10.1,,,,,
2026-04-24T10:55:20.808129,DECISION,EXLS,BUY,,,score_10.1_momentum_0.0047,10.1,,,,,
2026-04-24T10:55:20.810419,RISK_CHECK,EXLS,,100,132.07,position_size_exceeds_limit_76,,,,,,
2026-04-24T10:55:21.089301,PORTFOLIO_UPDATE,,,,,,,,,,,
2026-04-24T10:55:23.799694,SIGNAL,QCOM,,,,score_9.9_momentum_0.0028,9.89,,,,,
2026-04-24T10:55:23.802069,DECISION,QCOM,BUY,,,score_9.9_momentum_0.0028,9.89,,,,,
2026-04-24T10:55:23.804489,RISK_CHECK,QCOM,,100,397.21,position_size_exceeds_limit_25,,,,,,
2026-04-24T10:55:24.062483,PORTFOLIO_UPDATE,,,,,,,,,,,
2026-04-24T10:55:26.823183,SIGNAL,LI,,,,score_11.3_momentum_0.0123,11.33,,,,,
2026-04-24T10:55:26.825622,DECISION,LI,BUY,,,score_11.3_momentum_0.0123,11.33,,,,,
2026-04-24T10:55:26.827812,RISK_CHECK,LI,,100,465.93,position_size_exceeds_limit_21,,,,,,
2026-04-24T10:55:26.830440,SIGNAL,DIS,,,,score_11.0_momentum_0.0039,10.99,,,,,
2026-04-24T10:55:26.833273,DECISION,DIS,BUY,,,score_11.0_momentum_0.0039,10.99,,,,,
2026-04-24T10:55:26.835416,RISK_CHECK,DIS,,100,413.51,position_size_exceeds_limit_24,,,,,,
2026-04-24T10:55:27.096273,PORTFOLIO_UPDATE,,,,,,,,,,,
2026-04-24T10:55:30.105494,PORTFOLIO_UPDATE,,,,,,,,,,,
2026-04-24T10:55:33.153837,PORTFOLIO_UPDATE,,,,,,,,,,,
2026-04-24T10:55:36.091763,PORTFOLIO_UPDATE,,,,,,,,,,,
2026-04-24T10:55:39.231542,PORTFOLIO_UPDATE,,,,,,,,,,,
2026-04-24T10:55:41.939234,SIGNAL,PYPL,,,,score_10.8_momentum_0.0040,10.75,,,,,
2026-04-24T10:55:41.944695,DECISION,PYPL,BUY,,,score_10.8_momentum_0.0040,10.75,,,,,
2026-04-24T10:55:41.950229,RISK_CHECK,PYPL,,100,387.35,position_size_exceeds_limit_26,,,,,,
2026-04-24T10:55:42.387007,PORTFOLIO_UPDATE,,,,,,,,,,,
2026-04-24T10:55:44.863444,SIGNAL,PYPL,,,,score_10.4_momentum_0.0063,10.39,,,,,
2026-04-24T10:55:44.865801,DECISION,PYPL,BUY,,,score_10.4_momentum_0.0063,10.39,,,,,
2026-04-24T10:55:44.868221,RISK_CHECK,PYPL,,100,388.29,position_size_exceeds_limit_26,,,,,,
2026-04-24T10:55:45.169963,PORTFOLIO_UPDATE,,,,,,,,,,,
2026-04-24T10:55:48.171726,PORTFOLIO_UPDATE,,,,,,,,,,,
2026-04-24T10:55:51.023698,SIGNAL,REGI,,,,score_11.7_momentum_0.0092,11.67,,,,,
2026-04-24T10:55:51.026106,DECISION,REGI,BUY,,,score_11.7_momentum_0.0092,11.67,,,,,
2026-04-24T10:55:51.028324,RISK_CHECK,REGI,,100,134.69,position_size_exceeds_limit_74,,,,,,
2026-04-24T10:55:51.308357,PORTFOLIO_UPDATE,,,,,,,,,,,
2026-04-24T10:55:54.235840,SIGNAL,REGI,,,,score_11.8_momentum_0.0086,11.83,,,,,
2026-04-24T10:55:54.238357,DECISION,REGI,BUY,,,score_11.8_momentum_0.0086,11.83,,,,,
2026-04-24T10:55:54.241016,RISK_CHECK,REGI,,100,135.27,position_size_exceeds_limit_74,,,,,,
2026-04-24T10:55:54.244210,SIGNAL,MSTR,,,,score_10.0_momentum_0.0031,10.04,,,,,
2026-04-24T10:55:54.246596,DECISION,MSTR,BUY,,,score_10.0_momentum_0.0031,10.04,,,,,
2026-04-24T10:55:54.248957,RISK_CHECK,MSTR,,100,467.53,position_size_exceeds_limit_21,,,,,,
2026-04-24T10:55:54.577085,PORTFOLIO_UPDATE,,,,,,,,,,,
2026-04-24T10:55:56.888556,SIGNAL,REGI,,,,score_9.9_momentum_0.0062,9.95,,,,,
2026-04-24T10:55:56.891225,DECISION,REGI,BUY,,,score_9.9_momentum_0.0062,9.95,,,,,
2026-04-24T10:55:56.893898,RISK_CHECK,REGI,,100,135.68,position_size_exceeds_limit_74,,,,,,
2026-04-24T10:55:57.389728,PORTFOLIO_UPDATE,,,,,,,,,,,
2026-04-24T10:56:00.285413,SIGNAL,S,,,,score_11.0_momentum_0.0107,10.96,,,,,
2026-04-24T10:56:00.301041,DECISION,S,BUY,,,score_11.0_momentum_0.0107,10.96,,,,,
2026-04-24T10:56:00.305670,RISK_CHECK,S,,100,270.29,position_size_exceeds_limit_37,,,,,,
2026-04-24T10:56:00.696879,PORTFOLIO_UPDATE,,,,,,,,,,,
2026-04-24T10:56:03.274552,SIGNAL,RBLX,,,,score_9.6_momentum_0.0043,9.6,,,,,
2026-04-24T10:56:03.277381,DECISION,RBLX,BUY,,,score_9.6_momentum_0.0043,9.6,,,,,
2026-04-24T10:56:03.280421,RISK_CHECK,RBLX,,100,483.2,position_size_exceeds_limit_21,,,,,,
2026-04-24T10:56:03.592317,PORTFOLIO_UPDATE,,,,,,,,,,,
2026-04-24T10:56:06.271003,SIGNAL,RBLX,,,,score_11.2_momentum_0.0048,11.22,,,,,
2026-04-24T10:56:06.273879,DECISION,RBLX,BUY,,,score_11.2_momentum_0.0048,11.22,,,,,
2026-04-24T10:56:06.276752,RISK_CHECK,RBLX,,100,485.55,position_size_exceeds_limit_21,,,,,,
2026-04-24T10:56:06.281047,SIGNAL,JKHY,,,,score_11.0_momentum_0.0038,11.03,,,,,
2026-04-24T10:56:06.283867,DECISION,JKHY,BUY,,,score_11.0_momentum_0.0038,11.03,,,,,
2026-04-24T10:56:06.286734,RISK_CHECK,JKHY,,100,173.58,position_size_exceeds_limit_58,,,,,,
2026-04-24T10:56:06.610813,PORTFOLIO_UPDATE,,,,,,,,,,,
2026-04-24T10:56:09.574254,SIGNAL,S,,,,score_8.2_momentum_0.0025,8.2,,,,,
2026-04-24T10:56:09.581705,DECISION,S,BUY,,,score_8.2_momentum_0.0025,8.2,,,,,
2026-04-24T10:56:09.585811,RISK_CHECK,S,,100,270.49,position_size_exceeds_limit_37,,,,,,
2026-04-24T10:56:09.911980,PORTFOLIO_UPDATE,,,,,,,,,,,
2026-04-24T10:56:12.657190,PORTFOLIO_UPDATE,,,,,,,,,,,
2026-04-24T10:56:15.681325,SIGNAL,CHRW,,,,score_9.4_momentum_0.0021,9.4,,,,,
2026-04-24T10:56:15.684382,DECISION,CHRW,BUY,,,score_9.4_momentum_0.0021,9.4,,,,,
2026-04-24T10:56:15.687890,RISK_CHECK,CHRW,,100,410.21,position_size_exceeds_limit_24,,,,,,
2026-04-24T10:56:16.041806,PORTFOLIO_UPDATE,,,,,,,,,,,
2026-04-24T10:56:18.634631,SIGNAL,TWTR,,,,score_9.9_momentum_0.0055,9.9,,,,,
2026-04-24T10:56:18.637815,DECISION,TWTR,BUY,,,score_9.9_momentum_0.0055,9.9,,,,,
2026-04-24T10:56:18.640964,RISK_CHECK,TWTR,,100,474.78,position_size_exceeds_limit_21,,,,,,
2026-04-24T10:56:18.976337,PORTFOLIO_UPDATE,,,,,,,,,,,
2026-04-24T10:56:21.683516,SIGNAL,JBHT,,,,score_13.1_momentum_0.0097,13.09,,,,,
2026-04-24T10:56:21.686888,DECISION,JBHT,BUY,,,score_13.1_momentum_0.0097,13.09,,,,,
2026-04-24T10:56:21.690407,RISK_CHECK,JBHT,,100,138.08,position_size_exceeds_limit_72,,,,,,
2026-04-24T10:56:22.128668,PORTFOLIO_UPDATE,,,,,,,,,,,
2026-04-24T10:56:24.912396,SIGNAL,JBHT,,,,score_12.9_momentum_0.0051,12.89,,,,,
2026-04-24T10:56:24.918447,DECISION,JBHT,BUY,,,score_12.9_momentum_0.0051,12.89,,,,,
2026-04-24T10:56:24.928078,RISK_CHECK,JBHT,,100,138.08,position_size_exceeds_limit_72,,,,,,
2026-04-24T10:56:25.299642,PORTFOLIO_UPDATE,,,,,,,,,,,
2026-04-24T10:56:28.228408,SIGNAL,PTON,,,,score_10.6_momentum_0.0038,10.64,,,,,
2026-04-24T10:56:28.231825,DECISION,PTON,BUY,,,score_10.6_momentum_0.0038,10.64,,,,,
2026-04-24T10:56:28.235099,RISK_CHECK,PTON,,100,242.27,position_size_exceeds_limit_41,,,,,,
2026-04-24T10:56:28.239035,SIGNAL,ACN,,,,score_8.5_momentum_0.0023,8.46,,,,,
2026-04-24T10:56:28.242961,DECISION,ACN,BUY,,,score_8.5_momentum_0.0023,8.46,,,,,
2026-04-24T10:56:28.246266,RISK_CHECK,ACN,,100,507.92,position_size_exceeds_limit_20,,,,,,
2026-04-24T10:56:28.673735,PORTFOLIO_UPDATE,,,,,,,,,,,
2026-04-24T10:56:31.057284,SIGNAL,ACN,,,,score_11.1_momentum_0.0088,11.12,,,,,
2026-04-24T10:56:31.060768,DECISION,ACN,BUY,,,score_11.1_momentum_0.0088,11.12,,,,,
2026-04-24T10:56:31.064434,RISK_CHECK,ACN,,100,510.12,position_size_exceeds_limit_20,,,,,,
2026-04-24T10:56:31.068686,SIGNAL,PTON,,,,score_11.0_momentum_0.0056,11.01,,,,,
2026-04-24T10:56:31.072360,DECISION,PTON,BUY,,,score_11.0_momentum_0.0056,11.01,,,,,
2026-04-24T10:56:31.077172,RISK_CHECK,PTON,,100,243.25,position_size_exceeds_limit_41,,,,,,
2026-04-24T10:56:31.441374,PORTFOLIO_UPDATE,,,,,,,,,,,
2026-04-24T10:56:34.458658,PORTFOLIO_UPDATE,,,,,,,,,,,
2026-04-24T10:56:37.446278,PORTFOLIO_UPDATE,,,,,,,,,,,
2026-04-24T10:56:40.761087,SIGNAL,TREX,,,,score_10.0_momentum_0.0025,9.99,,,,,
2026-04-24T10:56:40.764890,DECISION,TREX,BUY,,,score_10.0_momentum_0.0025,9.99,,,,,
2026-04-24T10:56:40.769450,RISK_CHECK,TREX,,100,361.74,position_size_exceeds_limit_28,,,,,,
2026-04-24T10:56:41.137290,PORTFOLIO_UPDATE,,,,,,,,,,,
2026-04-24T10:56:43.882737,PORTFOLIO_UPDATE,,,,,,,,,,,
2026-04-24T10:56:46.129149,SIGNAL,RBLX,,,,score_10.3_momentum_0.0071,10.33,,,,,
2026-04-24T10:56:46.133060,DECISION,RBLX,BUY,,,score_10.3_momentum_0.0071,10.33,,,,,
2026-04-24T10:56:46.138115,RISK_CHECK,RBLX,,100,494.52,position_size_exceeds_limit_20,,,,,,
2026-04-24T10:56:46.522514,PORTFOLIO_UPDATE,,,,,,,,,,,
2026-04-24T10:56:49.158587,SIGNAL,MSFT,,,,score_9.8_momentum_0.0036,9.77,,,,,
2026-04-24T10:56:49.162543,DECISION,MSFT,BUY,,,score_9.8_momentum_0.0036,9.77,,,,,
2026-04-24T10:56:49.167632,RISK_CHECK,MSFT,,100,154.39,position_size_exceeds_limit_65,,,,,,
2026-04-24T10:56:49.619809,PORTFOLIO_UPDATE,,,,,,,,,,,
2026-04-24T10:56:52.136834,SIGNAL,LCID,,,,score_10.0_momentum_0.0053,10.01,,,,,
2026-04-24T10:56:52.141766,DECISION,LCID,BUY,,,score_10.0_momentum_0.0053,10.01,,,,,
2026-04-24T10:56:52.147200,RISK_CHECK,LCID,,100,196.81,position_size_exceeds_limit_51,,,,,,
2026-04-24T10:56:52.535654,PORTFOLIO_UPDATE,,,,,,,,,,,
2026-04-24T10:56:55.375159,SIGNAL,LCID,,,,score_10.4_momentum_0.0073,10.45,,,,,
2026-04-24T10:56:55.387653,DECISION,LCID,BUY,,,score_10.4_momentum_0.0073,10.45,,,,,
2026-04-24T10:56:55.397815,RISK_CHECK,LCID,,100,198.21,position_size_exceeds_limit_50,,,,,,
2026-04-24T10:56:55.404555,SIGNAL,PIN,,,,score_10.3_momentum_0.0030,10.26,,,,,
2026-04-24T10:56:55.411367,DECISION,PIN,BUY,,,score_10.3_momentum_0.0030,10.26,,,,,
2026-04-24T10:56:55.418250,RISK_CHECK,PIN,,100,325.99,position_size_exceeds_limit_31,,,,,,
2026-04-24T10:56:56.402490,PORTFOLIO_UPDATE,,,,,,,,,,,
2026-04-24T10:56:59.156586,PORTFOLIO_UPDATE,,,,,,,,,,,
2026-04-24T10:57:02.120039,PORTFOLIO_UPDATE,,,,,,,,,,,
2026-04-24T10:57:04.556552,SIGNAL,SE,,,,score_9.0_momentum_0.0050,8.99,,,,,
2026-04-24T10:57:04.560691,DECISION,SE,BUY,,,score_9.0_momentum_0.0050,8.99,,,,,
2026-04-24T10:57:04.565746,RISK_CHECK,SE,,100,144.21,position_size_exceeds_limit_69,,,,,,
2026-04-24T10:57:05.003887,PORTFOLIO_UPDATE,,,,,,,,,,,
2026-04-24T10:57:07.575067,SIGNAL,SE,,,,score_10.6_momentum_0.0052,10.64,,,,,
2026-04-24T10:57:07.579430,DECISION,SE,BUY,,,score_10.6_momentum_0.0052,10.64,,,,,
2026-04-24T10:57:07.585322,RISK_CHECK,SE,,100,144.82,position_size_exceeds_limit_69,,,,,,
2026-04-24T10:57:07.589337,SIGNAL,PTON,,,,score_8.4_momentum_0.0062,8.43,,,,,
2026-04-24T10:57:07.593318,DECISION,PTON,BUY,,,score_8.4_momentum_0.0062,8.43,,,,,
2026-04-24T10:57:07.600718,RISK_CHECK,PTON,,100,246.0,position_size_exceeds_limit_41,,,,,,
2026-04-24T10:57:08.007160,PORTFOLIO_UPDATE,,,,,,,,,,,
2026-04-24T10:57:10.622276,SIGNAL,SE,,,,score_9.9_momentum_0.0052,9.91,,,,,
2026-04-24T10:57:10.627292,DECISION,SE,BUY,,,score_9.9_momentum_0.0052,9.91,,,,,
2026-04-24T10:57:10.633380,RISK_CHECK,SE,,100,145.46,position_size_exceeds_limit_69,,,,,,
2026-04-24T10:57:11.064518,PORTFOLIO_UPDATE,,,,,,,,,,,
2026-04-24T10:57:13.652491,SIGNAL,SE,,,,score_9.4_momentum_0.0014,9.45,,,,,
2026-04-24T10:57:13.656891,DECISION,SE,BUY,,,score_9.4_momentum_0.0014,9.45,,,,,
2026-04-24T10:57:13.662673,RISK_CHECK,SE,,100,145.65,position_size_exceeds_limit_69,,,,,,
2026-04-24T10:57:13.667058,SIGNAL,PDD,,,,score_8.8_momentum_0.0016,8.85,,,,,
2026-04-24T10:57:13.671291,DECISION,PDD,BUY,,,score_8.8_momentum_0.0016,8.85,,,,,
2026-04-24T10:57:13.675695,RISK_CHECK,PDD,,100,129.95,position_size_exceeds_limit_77,,,,,,
2026-04-24T10:57:14.154152,PORTFOLIO_UPDATE,,,,,,,,,,,
2026-04-24T10:57:16.845880,SIGNAL,PINS,,,,score_11.3_momentum_0.0030,11.33,,,,,
2026-04-24T10:57:16.860885,DECISION,PINS,BUY,,,score_11.3_momentum_0.0030,11.33,,,,,
2026-04-24T10:57:16.879872,RISK_CHECK,PINS,,100,211.59,position_size_exceeds_limit_47,,,,,,
2026-04-24T10:57:16.888327,SIGNAL,SNOW,,,,score_8.2_momentum_0.0063,8.19,,,,,
2026-04-24T10:57:16.898166,DECISION,SNOW,BUY,,,score_8.2_momentum_0.0063,8.19,,,,,
2026-04-24T10:57:16.906729,RISK_CHECK,SNOW,,100,209.63,position_size_exceeds_limit_48,,,,,,
2026-04-24T10:57:17.431690,PORTFOLIO_UPDATE,,,,,,,,,,,
2026-04-24T10:57:19.649902,SIGNAL,PINS,,,,score_9.7_momentum_0.0047,9.69,,,,,
2026-04-24T10:57:19.654652,DECISION,PINS,BUY,,,score_9.7_momentum_0.0047,9.69,,,,,
2026-04-24T10:57:19.660900,RISK_CHECK,PINS,,100,212.28,position_size_exceeds_limit_47,,,,,,
2026-04-24T10:57:19.665667,SIGNAL,PG,,,,score_9.0_momentum_0.0057,9.02,,,,,
2026-04-24T10:57:19.670324,DECISION,PG,BUY,,,score_9.0_momentum_0.0057,9.02,,,,,
2026-04-24T10:57:19.674963,RISK_CHECK,PG,,100,179.31,position_size_exceeds_limit_56,,,,,,
2026-04-24T10:57:20.117676,PORTFOLIO_UPDATE,,,,,,,,,,,
2026-04-24T10:57:22.642901,SIGNAL,PINS,,,,score_10.8_momentum_0.0053,10.83,,,,,
2026-04-24T10:57:22.651036,DECISION,PINS,BUY,,,score_10.8_momentum_0.0053,10.83,,,,,
2026-04-24T10:57:22.655869,RISK_CHECK,PINS,,100,213.11,position_size_exceeds_limit_47,,,,,,
2026-04-24T10:57:23.250120,PORTFOLIO_UPDATE,,,,,,,,,,,
2026-04-24T10:57:26.136273,PORTFOLIO_UPDATE,,,,,,,,,,,
2026-04-24T10:57:29.251063,PORTFOLIO_UPDATE,,,,,,,,,,,
2026-04-24T10:57:31.663468,SIGNAL,NVDA,,,,score_10.5_momentum_0.0044,10.48,,,,,
2026-04-24T10:57:31.670532,DECISION,NVDA,BUY,,,score_10.5_momentum_0.0044,10.48,,,,,
2026-04-24T10:57:31.676427,RISK_CHECK,NVDA,,100,438.48,position_size_exceeds_limit_23,,,,,,
2026-04-24T10:57:32.446974,PORTFOLIO_UPDATE,,,,,,,,,,,
2026-04-24T10:57:34.757154,SIGNAL,CRM,,,,score_10.9_momentum_0.0081,10.91,,,,,
2026-04-24T10:57:34.762239,DECISION,CRM,BUY,,,score_10.9_momentum_0.0081,10.91,,,,,
2026-04-24T10:57:34.768929,RISK_CHECK,CRM,,100,196.64,position_size_exceeds_limit_51,,,,,,
2026-04-24T10:57:35.196164,PORTFOLIO_UPDATE,,,,,,,,,,,
2026-04-24T10:57:37.785531,SIGNAL,CRM,,,,score_9.8_momentum_0.0039,9.85,,,,,
2026-04-24T10:57:37.790872,DECISION,CRM,BUY,,,score_9.8_momentum_0.0039,9.85,,,,,
2026-04-24T10:57:37.797741,RISK_CHECK,CRM,,100,196.46,position_size_exceeds_limit_51,,,,,,
2026-04-24T10:57:38.229263,PORTFOLIO_UPDATE,,,,,,,,,,,
2026-04-24T10:57:40.926278,SIGNAL,CRM,,,,score_10.8_momentum_0.0038,10.8,,,,,
2026-04-24T10:57:40.934713,DECISION,CRM,BUY,,,score_10.8_momentum_0.0038,10.8,,,,,
2026-04-24T10:57:40.943570,RISK_CHECK,CRM,,100,196.94,position_size_exceeds_limit_51,,,,,,
2026-04-24T10:57:42.052181,PORTFOLIO_UPDATE,,,,,,,,,,,
2026-04-24T10:57:44.234384,PORTFOLIO_UPDATE,,,,,,,,,,,
2026-04-24T10:57:47.588613,PORTFOLIO_UPDATE,,,,,,,,,,,
2026-04-24T10:57:56.858951,PORTFOLIO_UPDATE,,,,,,,,,,,
2026-04-24T10:57:59.598953,PORTFOLIO_UPDATE,,,,,,,,,,,
2026-04-24T10:58:02.660615,PORTFOLIO_UPDATE,,,,,,,,,,,
2026-04-24T10:58:05.657576,PORTFOLIO_UPDATE,,,,,,,,,,,
2026-04-24T10:58:08.684386,PORTFOLIO_UPDATE,,,,,,,,,,,
2026-04-24T10:58:11.525970,SIGNAL,JKHY,,,,score_12.6_momentum_0.0091,12.58,,,,,
2026-04-24T10:58:11.531354,DECISION,JKHY,BUY,,,score_12.6_momentum_0.0091,12.58,,,,,
2026-04-24T10:58:11.537534,RISK_CHECK,JKHY,,100,173.06,position_size_exceeds_limit_58,,,,,,
2026-04-24T10:58:11.542474,SIGNAL,ZILLOW,,,,score_5.5_momentum_0.0051,5.47,,,,,
2026-04-24T10:58:11.547493,DECISION,ZILLOW,BUY,,,score_5.5_momentum_0.0051,5.47,,,,,
2026-04-24T10:58:11.552591,RISK_CHECK,ZILLOW,,100,148.79,position_size_exceeds_limit_67,,,,,,
2026-04-24T10:58:11.722982,PORTFOLIO_UPDATE,,,,,,,,,,,
2026-04-24T10:58:14.712335,SIGNAL,IBM,,,,score_9.6_momentum_0.0093,9.62,,,,,
2026-04-24T10:58:14.718092,DECISION,IBM,BUY,,,score_9.6_momentum_0.0093,9.62,,,,,
2026-04-24T10:58:14.725224,RISK_CHECK,IBM,,100,310.76,position_size_exceeds_limit_32,,,,,,
2026-04-24T10:58:14.730425,SIGNAL,LI,,,,score_9.4_momentum_0.0013,9.44,,,,,
2026-04-24T10:58:14.736085,DECISION,LI,BUY,,,score_9.4_momentum_0.0013,9.44,,,,,
2026-04-24T10:58:14.742431,RISK_CHECK,LI,,100,448.28,position_size_exceeds_limit_22,,,,,,
2026-04-24T10:58:14.749288,SIGNAL,U,,,,score_8.7_momentum_0.0068,8.73,,,,,
2026-04-24T10:58:14.756452,DECISION,U,BUY,,,score_8.7_momentum_0.0068,8.73,,,,,
2026-04-24T10:58:14.762584,RISK_CHECK,U,,100,368.79,position_size_exceeds_limit_27,,,,,,
2026-04-24T10:58:14.767927,SIGNAL,ACN,,,,score_8.3_momentum_0.0058,8.3,,,,,
2026-04-24T10:58:14.773242,DECISION,ACN,BUY,,,score_8.3_momentum_0.0058,8.3,,,,,
2026-04-24T10:58:14.778509,RISK_CHECK,ACN,,100,500.6,position_size_exceeds_limit_20,,,,,,
2026-04-24T10:58:14.991623,PORTFOLIO_UPDATE,,,,,,,,,,,
2026-04-24T10:58:17.729687,SIGNAL,TREX,,,,score_9.8_momentum_0.0098,9.8,,,,,
2026-04-24T10:58:17.748468,DECISION,TREX,BUY,,,score_9.8_momentum_0.0098,9.8,,,,,
2026-04-24T10:58:17.760164,RISK_CHECK,TREX,,100,369.69,position_size_exceeds_limit_27,,,,,,
2026-04-24T10:58:17.963814,PORTFOLIO_UPDATE,,,,,,,,,,,
2026-04-24T10:58:20.735635,SIGNAL,V,,,,score_10.4_momentum_0.0112,10.41,,,,,
2026-04-24T10:58:20.741564,DECISION,V,BUY,,,score_10.4_momentum_0.0112,10.41,,,,,
2026-04-24T10:58:20.748666,RISK_CHECK,V,,100,453.73,position_size_exceeds_limit_22,,,,,,
2026-04-24T10:58:20.934483,PORTFOLIO_UPDATE,,,,,,,,,,,
2026-04-24T10:58:23.955004,SIGNAL,NFLX,,,,score_10.4_momentum_0.0101,10.43,,,,,
2026-04-24T10:58:23.967385,DECISION,NFLX,BUY,,,score_10.4_momentum_0.0101,10.43,,,,,
2026-04-24T10:58:23.976133,RISK_CHECK,NFLX,,100,454.02,position_size_exceeds_limit_22,,,,,,
2026-04-24T10:58:23.983969,SIGNAL,ETSY,,,,score_9.0_momentum_0.0082,9.04,,,,,
2026-04-24T10:58:23.989712,DECISION,ETSY,BUY,,,score_9.0_momentum_0.0082,9.04,,,,,
2026-04-24T10:58:23.995386,RISK_CHECK,ETSY,,100,440.67,position_size_exceeds_limit_23,,,,,,
2026-04-24T10:58:24.237633,PORTFOLIO_UPDATE,,,,,,,,,,,
2026-04-24T10:58:26.752499,SIGNAL,NFLX,,,,score_9.2_momentum_0.0078,9.19,,,,,
2026-04-24T10:58:26.758481,DECISION,NFLX,BUY,,,score_9.2_momentum_0.0078,9.19,,,,,
2026-04-24T10:58:26.765787,RISK_CHECK,NFLX,,100,456.35,position_size_exceeds_limit_22,,,,,,
2026-04-24T10:58:26.993188,PORTFOLIO_UPDATE,,,,,,,,,,,
2026-04-24T10:58:30.007985,PORTFOLIO_UPDATE,,,,,,,,,,,
2026-04-24T10:58:32.771019,SIGNAL,DBX,,,,score_9.5_momentum_0.0075,9.48,,,,,
2026-04-24T10:58:32.778618,DECISION,DBX,BUY,,,score_9.5_momentum_0.0075,9.48,,,,,
2026-04-24T10:58:32.785577,RISK_CHECK,DBX,,100,128.94,position_size_exceeds_limit_78,,,,,,
2026-04-24T10:58:32.996539,PORTFOLIO_UPDATE,,,,,,,,,,,
2026-04-24T10:58:35.815871,SIGNAL,CSCO,,,,score_9.3_momentum_0.0041,9.27,,,,,
2026-04-24T10:58:35.825551,DECISION,CSCO,BUY,,,score_9.3_momentum_0.0041,9.27,,,,,
2026-04-24T10:58:35.831901,RISK_CHECK,CSCO,,100,274.41,position_size_exceeds_limit_36,,,,,,
2026-04-24T10:58:36.032041,PORTFOLIO_UPDATE,,,,,,,,,,,
2026-04-24T10:58:38.985076,SIGNAL,CSCO,,,,score_11.7_momentum_0.0056,11.7,,,,,
2026-04-24T10:58:38.996833,DECISION,CSCO,BUY,,,score_11.7_momentum_0.0056,11.7,,,,,
2026-04-24T10:58:39.008769,RISK_CHECK,CSCO,,100,276.07,position_size_exceeds_limit_36,,,,,,
2026-04-24T10:58:39.020695,SIGNAL,RBLX,,,,score_11.2_momentum_0.0049,11.25,,,,,
2026-04-24T10:58:39.033107,DECISION,RBLX,BUY,,,score_11.2_momentum_0.0049,11.25,,,,,
2026-04-24T10:58:39.044273,RISK_CHECK,RBLX,,100,493.23,position_size_exceeds_limit_20,,,,,,
2026-04-24T10:58:39.384536,PORTFOLIO_UPDATE,,,,,,,,,,,
2026-04-24T10:58:41.802811,SIGNAL,CSCO,,,,score_10.0_momentum_0.0026,10.01,,,,,
2026-04-24T10:58:41.812706,DECISION,CSCO,BUY,,,score_10.0_momentum_0.0026,10.01,,,,,
2026-04-24T10:58:41.822213,RISK_CHECK,CSCO,,100,276.66,position_size_exceeds_limit_36,,,,,,
2026-04-24T10:58:42.045094,PORTFOLIO_UPDATE,,,,,,,,,,,
2026-04-24T10:58:45.160067,PORTFOLIO_UPDATE,,,,,,,,,,,
2026-04-24T10:58:48.077446,PORTFOLIO_UPDATE,,,,,,,,,,,
2026-04-24T10:58:50.910662,SIGNAL,AVGO,,,,score_10.6_momentum_0.0117,10.59,,,,,
2026-04-24T10:58:50.921545,DECISION,AVGO,BUY,,,score_10.6_momentum_0.0117,10.59,,,,,
2026-04-24T10:58:50.939268,RISK_CHECK,AVGO,,100,106.46,position_size_exceeds_limit_94,,,,,,
2026-04-24T10:58:50.951622,SIGNAL,TSLA,,,,score_10.4_momentum_0.0050,10.41,,,,,
2026-04-24T10:58:50.970315,DECISION,TSLA,BUY,,,score_10.4_momentum_0.0050,10.41,,,,,
2026-04-24T10:58:50.988119,RISK_CHECK,TSLA,,100,220.79,position_size_exceeds_limit_45,,,,,,
2026-04-24T10:58:51.000052,SIGNAL,TTD,,,,score_9.3_momentum_0.0018,9.28,,,,,
2026-04-24T10:58:51.011178,DECISION,TTD,BUY,,,score_9.3_momentum_0.0018,9.28,,,,,
2026-04-24T10:58:51.025540,RISK_CHECK,TTD,,100,139.42,position_size_exceeds_limit_72,,,,,,
2026-04-24T10:58:51.036249,SIGNAL,LYFT,,,,score_7.8_momentum_0.0042,7.85,,,,,
2026-04-24T10:58:51.049172,DECISION,LYFT,BUY,,,score_7.8_momentum_0.0042,7.85,,,,,
2026-04-24T10:58:51.060818,RISK_CHECK,LYFT,,100,364.66,position_size_exceeds_limit_27,,,,,,
2026-04-24T10:58:51.305717,PORTFOLIO_UPDATE,,,,,,,,,,,
2026-04-24T10:58:53.849180,SIGNAL,LYFT,,,,score_11.5_momentum_0.0095,11.53,,,,,
2026-04-24T10:58:53.862352,DECISION,LYFT,BUY,,,score_11.5_momentum_0.0095,11.53,,,,,
2026-04-24T10:58:53.875706,RISK_CHECK,LYFT,,100,367.7,position_size_exceeds_limit_27,,,,,,
2026-04-24T10:58:53.885664,SIGNAL,NFLX,,,,score_8.9_momentum_0.0030,8.94,,,,,
2026-04-24T10:58:53.894048,DECISION,NFLX,BUY,,,score_8.9_momentum_0.0030,8.94,,,,,
2026-04-24T10:58:53.900492,RISK_CHECK,NFLX,,100,458.32,position_size_exceeds_limit_22,,,,,,
2026-04-24T10:58:54.158550,PORTFOLIO_UPDATE,,,,,,,,,,,
2026-04-24T10:58:56.844991,SIGNAL,KLA,,,,score_11.8_momentum_0.0047,11.77,,,,,
2026-04-24T10:58:56.852209,DECISION,KLA,BUY,,,score_11.8_momentum_0.0047,11.77,,,,,
2026-04-24T10:58:56.859421,RISK_CHECK,KLA,,100,365.39,position_size_exceeds_limit_27,,,,,,
2026-04-24T10:58:56.865814,SIGNAL,ADBE,,,,score_11.7_momentum_0.0121,11.66,,,,,
2026-04-24T10:58:56.872281,DECISION,ADBE,BUY,,,score_11.7_momentum_0.0121,11.66,,,,,
2026-04-24T10:58:56.878672,RISK_CHECK,ADBE,,100,476.96,position_size_exceeds_limit_21,,,,,,
2026-04-24T10:58:56.885118,SIGNAL,PDD,,,,score_9.8_momentum_0.0043,9.85,,,,,
2026-04-24T10:58:56.891564,DECISION,PDD,BUY,,,score_9.8_momentum_0.0043,9.85,,,,,
2026-04-24T10:58:56.898151,RISK_CHECK,PDD,,100,128.42,position_size_exceeds_limit_78,,,,,,
2026-04-24T10:58:56.908860,SIGNAL,RBLX,,,,score_9.2_momentum_0.0057,9.25,,,,,
2026-04-24T10:58:56.918417,DECISION,RBLX,BUY,,,score_9.2_momentum_0.0057,9.25,,,,,
2026-04-24T10:58:56.929049,RISK_CHECK,RBLX,,100,496.43,position_size_exceeds_limit_20,,,,,,
2026-04-24T10:58:56.939102,SIGNAL,LYFT,,,,score_8.8_momentum_0.0049,8.82,,,,,
2026-04-24T10:58:56.948761,DECISION,LYFT,BUY,,,score_8.8_momentum_0.0049,8.82,,,,,
2026-04-24T10:58:56.958878,RISK_CHECK,LYFT,,100,366.85,position_size_exceeds_limit_27,,,,,,
2026-04-24T10:58:57.228123,PORTFOLIO_UPDATE,,,,,,,,,,,
2026-04-24T10:58:59.938006,SIGNAL,PDD,,,,score_11.1_momentum_0.0045,11.08,,,,,
2026-04-24T10:58:59.946124,DECISION,PDD,BUY,,,score_11.1_momentum_0.0045,11.08,,,,,
2026-04-24T10:58:59.953900,RISK_CHECK,PDD,,100,128.64,position_size_exceeds_limit_78,,,,,,
2026-04-24T10:58:59.960642,SIGNAL,RIVN,,,,score_10.7_momentum_0.0021,10.66,,,,,
2026-04-24T10:58:59.968507,DECISION,RIVN,BUY,,,score_10.7_momentum_0.0021,10.66,,,,,
2026-04-24T10:58:59.981456,RISK_CHECK,RIVN,,100,397.15,position_size_exceeds_limit_25,,,,,,
2026-04-24T10:59:00.238853,PORTFOLIO_UPDATE,,,,,,,,,,,
2026-04-24T10:59:03.277019,PORTFOLIO_UPDATE,,,,,,,,,,,
2026-04-24T10:59:06.033863,SIGNAL,ADBE,,,,score_9.7_momentum_0.0040,9.66,,,,,
2026-04-24T10:59:06.045885,DECISION,ADBE,BUY,,,score_9.7_momentum_0.0040,9.66,,,,,
2026-04-24T10:59:06.053954,RISK_CHECK,ADBE,,100,479.74,position_size_exceeds_limit_21,,,,,,
2026-04-24T10:59:06.314148,PORTFOLIO_UPDATE,,,,,,,,,,,
2026-04-24T10:59:08.933322,SIGNAL,SNPS,,,,score_12.1_momentum_0.0089,12.13,,,,,
2026-04-24T10:59:08.945852,DECISION,SNPS,BUY,,,score_12.1_momentum_0.0089,12.13,,,,,
2026-04-24T10:59:08.957696,RISK_CHECK,SNPS,,100,354.3,position_size_exceeds_limit_28,,,,,,
2026-04-24T10:59:08.975680,SIGNAL,JBHT,,,,score_10.9_momentum_0.0081,10.95,,,,,
2026-04-24T10:59:08.996712,DECISION,JBHT,BUY,,,score_10.9_momentum_0.0081,10.95,,,,,
2026-04-24T10:59:09.012939,RISK_CHECK,JBHT,,100,139.23,position_size_exceeds_limit_72,,,,,,
2026-04-24T10:59:09.027213,SIGNAL,PLYA,,,,score_10.6_momentum_0.0048,10.6,,,,,
2026-04-24T10:59:09.059424,DECISION,PLYA,BUY,,,score_10.6_momentum_0.0048,10.6,,,,,
2026-04-24T10:59:09.074746,RISK_CHECK,PLYA,,100,154.69,position_size_exceeds_limit_65,,,,,,
2026-04-24T10:59:09.087347,SIGNAL,AAPL,,,,score_9.9_momentum_0.0038,9.87,,,,,
2026-04-24T10:59:09.099338,DECISION,AAPL,BUY,,,score_9.9_momentum_0.0038,9.87,,,,,
2026-04-24T10:59:09.111227,RISK_CHECK,AAPL,,100,184.58,position_size_exceeds_limit_54,,,,,,
2026-04-24T10:59:09.413726,PORTFOLIO_UPDATE,,,,,,,,,,,
2026-04-24T10:59:11.884935,SIGNAL,AAPL,,,,score_11.5_momentum_0.0068,11.52,,,,,
2026-04-24T10:59:11.894972,DECISION,AAPL,BUY,,,score_11.5_momentum_0.0068,11.52,,,,,
2026-04-24T10:59:11.902668,RISK_CHECK,AAPL,,100,185.64,position_size_exceeds_limit_54,,,,,,
2026-04-24T10:59:11.911480,SIGNAL,JBHT,,,,score_10.6_momentum_0.0065,10.58,,,,,
2026-04-24T10:59:11.921811,DECISION,JBHT,BUY,,,score_10.6_momentum_0.0065,10.58,,,,,
2026-04-24T10:59:11.930615,RISK_CHECK,JBHT,,100,139.66,position_size_exceeds_limit_72,,,,,,
2026-04-24T10:59:11.940764,SIGNAL,AMZN,,,,score_9.6_momentum_0.0042,9.59,,,,,
2026-04-24T10:59:11.948359,DECISION,AMZN,BUY,,,score_9.6_momentum_0.0042,9.59,,,,,
2026-04-24T10:59:11.955725,RISK_CHECK,AMZN,,100,317.33,position_size_exceeds_limit_32,,,,,,
2026-04-24T10:59:11.964462,SIGNAL,XPO,,,,score_9.2_momentum_0.0075,9.18,,,,,
2026-04-24T10:59:11.971817,DECISION,XPO,BUY,,,score_9.2_momentum_0.0075,9.18,,,,,
2026-04-24T10:59:11.980488,RISK_CHECK,XPO,,100,350.05,position_size_exceeds_limit_29,,,,,,
2026-04-24T10:59:12.357083,PORTFOLIO_UPDATE,,,,,,,,,,,
2026-04-24T10:59:15.151128,SIGNAL,TXN,,,,score_11.1_momentum_0.0092,11.14,,,,,
2026-04-24T10:59:15.163781,DECISION,TXN,BUY,,,score_11.1_momentum_0.0092,11.14,,,,,
2026-04-24T10:59:15.171561,RISK_CHECK,TXN,,100,257.26,position_size_exceeds_limit_39,,,,,,
2026-04-24T10:59:15.564110,PORTFOLIO_UPDATE,,,,,,,,,,,
2026-04-24T10:59:17.924359,SIGNAL,GOOG,,,,score_10.3_momentum_0.0010,10.35,,,,,
2026-04-24T10:59:17.932818,DECISION,GOOG,BUY,,,score_10.3_momentum_0.0010,10.35,,,,,
2026-04-24T10:59:17.941174,RISK_CHECK,GOOG,,100,161.71,position_size_exceeds_limit_62,,,,,,
2026-04-24T10:59:17.948651,SIGNAL,DBX,,,,score_9.8_momentum_0.0056,9.82,,,,,
2026-04-24T10:59:17.956425,DECISION,DBX,BUY,,,score_9.8_momentum_0.0056,9.82,,,,,
2026-04-24T10:59:17.964197,RISK_CHECK,DBX,,100,129.89,position_size_exceeds_limit_77,,,,,,
2026-04-24T10:59:17.971762,SIGNAL,HD,,,,score_8.6_momentum_0.0052,8.56,,,,,
2026-04-24T10:59:17.979554,DECISION,HD,BUY,,,score_8.6_momentum_0.0052,8.56,,,,,
2026-04-24T10:59:17.987448,RISK_CHECK,HD,,100,386.89,position_size_exceeds_limit_26,,,,,,
2026-04-24T10:59:18.263442,PORTFOLIO_UPDATE,,,,,,,,,,,
2026-04-24T10:59:20.900645,SIGNAL,DBX,,,,score_10.9_momentum_0.0089,10.95,,,,,
2026-04-24T10:59:20.912118,DECISION,DBX,BUY,,,score_10.9_momentum_0.0089,10.95,,,,,
2026-04-24T10:59:20.923125,RISK_CHECK,DBX,,100,130.89,position_size_exceeds_limit_76,,,,,,
2026-04-24T10:59:20.933523,SIGNAL,ONTO,,,,score_10.8_momentum_0.0087,10.75,,,,,
2026-04-24T10:59:20.941153,DECISION,ONTO,BUY,,,score_10.8_momentum_0.0087,10.75,,,,,
2026-04-24T10:59:20.948876,RISK_CHECK,ONTO,,100,236.96,position_size_exceeds_limit_42,,,,,,
2026-04-24T10:59:20.956527,SIGNAL,TXN,,,,score_10.0_momentum_0.0025,9.98,,,,,
2026-04-24T10:59:20.964602,DECISION,TXN,BUY,,,score_10.0_momentum_0.0025,9.98,,,,,
2026-04-24T10:59:20.972399,RISK_CHECK,TXN,,100,258.1,position_size_exceeds_limit_39,,,,,,
2026-04-24T10:59:21.291692,PORTFOLIO_UPDATE,,,,,,,,,,,
2026-04-24T10:59:23.916845,SIGNAL,ONTO,,,,score_10.0_momentum_0.0030,9.96,,,,,
2026-04-24T10:59:23.928535,DECISION,ONTO,BUY,,,score_10.0_momentum_0.0030,9.96,,,,,
2026-04-24T10:59:23.936503,RISK_CHECK,ONTO,,100,237.42,position_size_exceeds_limit_42,,,,,,
2026-04-24T10:59:23.947726,SIGNAL,TXN,,,,score_9.4_momentum_0.0038,9.38,,,,,
2026-04-24T10:59:23.962346,DECISION,TXN,BUY,,,score_9.4_momentum_0.0038,9.38,,,,,
2026-04-24T10:59:23.978475,RISK_CHECK,TXN,,100,258.44,position_size_exceeds_limit_39,,,,,,
2026-04-24T10:59:24.266247,PORTFOLIO_UPDATE,,,,,,,,,,,
2026-04-24T10:59:26.914152,SIGNAL,JBHT,,,,score_8.7_momentum_0.0035,8.74,,,,,
2026-04-24T10:59:26.926659,DECISION,JBHT,BUY,,,score_8.7_momentum_0.0035,8.74,,,,,
2026-04-24T10:59:26.934879,RISK_CHECK,JBHT,,100,140.89,position_size_exceeds_limit_71,,,,,,
2026-04-24T10:59:27.216318,PORTFOLIO_UPDATE,,,,,,,,,,,
2026-04-24T10:59:30.466876,PORTFOLIO_UPDATE,,,,,,,,,,,
2026-04-24T10:59:32.932258,SIGNAL,SNAP,,,,score_11.6_momentum_0.0081,11.56,,,,,
2026-04-24T10:59:32.942452,DECISION,SNAP,BUY,,,score_11.6_momentum_0.0081,11.56,,,,,
2026-04-24T10:59:32.950935,RISK_CHECK,SNAP,,100,185.93,position_size_exceeds_limit_54,,,,,,
2026-04-24T10:59:32.959061,SIGNAL,TXN,,,,score_9.9_momentum_0.0058,9.86,,,,,
2026-04-24T10:59:32.967228,DECISION,TXN,BUY,,,score_9.9_momentum_0.0058,9.86,,,,,
2026-04-24T10:59:32.975748,RISK_CHECK,TXN,,100,260.53,position_size_exceeds_limit_38,,,,,,
2026-04-24T10:59:33.269265,PORTFOLIO_UPDATE,,,,,,,,,,,
2026-04-24T10:59:35.942059,SIGNAL,EXLS,,,,score_11.6_momentum_0.0090,11.61,,,,,
2026-04-24T10:59:35.951725,DECISION,EXLS,BUY,,,score_11.6_momentum_0.0090,11.61,,,,,
2026-04-24T10:59:35.959958,RISK_CHECK,EXLS,,100,128.51,position_size_exceeds_limit_78,,,,,,
2026-04-24T10:59:36.297989,PORTFOLIO_UPDATE,,,,,,,,,,,
2026-04-24T10:59:38.954556,SIGNAL,HUBS,,,,score_13.1_momentum_0.0082,13.09,,,,,
2026-04-24T10:59:38.964511,DECISION,HUBS,BUY,,,score_13.1_momentum_0.0082,13.09,,,,,
2026-04-24T10:59:38.973624,RISK_CHECK,HUBS,,100,343.66,position_size_exceeds_limit_29,,,,,,
2026-04-24T10:59:38.981993,SIGNAL,EXLS,,,,score_11.4_momentum_0.0072,11.41,,,,,
2026-04-24T10:59:38.990574,DECISION,EXLS,BUY,,,score_11.4_momentum_0.0072,11.41,,,,,
2026-04-24T10:59:38.998782,RISK_CHECK,EXLS,,100,129.0,position_size_exceeds_limit_78,,,,,,
2026-04-24T10:59:39.369696,PORTFOLIO_UPDATE,,,,,,,,,,,
2026-04-24T10:59:42.089432,SIGNAL,PIN,,,,score_12.4_momentum_0.0100,12.41,,,,,
2026-04-24T10:59:42.114999,DECISION,PIN,BUY,,,score_12.4_momentum_0.0100,12.41,,,,,
2026-04-24T10:59:42.132759,RISK_CHECK,PIN,,100,329.76,position_size_exceeds_limit_30,,,,,,
2026-04-24T10:59:42.151276,SIGNAL,JBHT,,,,score_9.2_momentum_0.0089,9.15,,,,,
2026-04-24T10:59:42.171254,DECISION,JBHT,BUY,,,score_9.2_momentum_0.0089,9.15,,,,,
2026-04-24T10:59:42.206357,RISK_CHECK,JBHT,,100,141.88,position_size_exceeds_limit_70,,,,,,
2026-04-24T10:59:42.221655,SIGNAL,EXLS,,,,score_9.1_momentum_0.0054,9.08,,,,,
2026-04-24T10:59:42.236667,DECISION,EXLS,BUY,,,score_9.1_momentum_0.0054,9.08,,,,,
2026-04-24T10:59:42.247584,RISK_CHECK,EXLS,,100,129.02,position_size_exceeds_limit_78,,,,,,
2026-04-24T10:59:42.261730,SIGNAL,NFLX,,,,score_8.4_momentum_0.0043,8.43,,,,,
2026-04-24T10:59:42.277258,DECISION,NFLX,BUY,,,score_8.4_momentum_0.0043,8.43,,,,,
2026-04-24T10:59:42.286148,RISK_CHECK,NFLX,,100,465.62,position_size_exceeds_limit_21,,,,,,
2026-04-24T10:59:42.589191,PORTFOLIO_UPDATE,,,,,,,,,,,
2026-04-24T10:59:44.982048,SIGNAL,MARA,,,,score_11.5_momentum_0.0098,11.53,,,,,
2026-04-24T10:59:44.992774,DECISION,MARA,BUY,,,score_11.5_momentum_0.0098,11.53,,,,,
2026-04-24T10:59:45.002189,RISK_CHECK,MARA,,100,521.62,position_size_exceeds_limit_19,,,,,,
2026-04-24T10:59:45.014520,SIGNAL,NEWR,,,,score_11.2_momentum_0.0074,11.24,,,,,
2026-04-24T10:59:45.026965,DECISION,NEWR,BUY,,,score_11.2_momentum_0.0074,11.24,,,,,
2026-04-24T10:59:45.036134,RISK_CHECK,NEWR,,100,347.79,position_size_exceeds_limit_29,,,,,,
2026-04-24T10:59:45.044887,SIGNAL,DDOG,,,,score_7.7_momentum_0.0078,7.72,,,,,
2026-04-24T10:59:45.053688,DECISION,DDOG,BUY,,,score_7.7_momentum_0.0078,7.72,,,,,
2026-04-24T10:59:45.064182,RISK_CHECK,DDOG,,100,408.11,position_size_exceeds_limit_25,,,,,,
2026-04-24T10:59:45.072903,SIGNAL,SNOW,,,,score_7.7_momentum_0.0031,7.68,,,,,
2026-04-24T10:59:45.082746,DECISION,SNOW,BUY,,,score_7.7_momentum_0.0031,7.68,,,,,
2026-04-24T10:59:45.096203,RISK_CHECK,SNOW,,100,208.07,position_size_exceeds_limit_48,,,,,,
2026-04-24T10:59:45.518076,PORTFOLIO_UPDATE,,,,,,,,,,,
2026-04-24T10:59:48.019623,SIGNAL,RIOT,,,,score_12.1_momentum_0.0113,12.11,,,,,
2026-04-24T10:59:48.031813,DECISION,RIOT,BUY,,,score_12.1_momentum_0.0113,12.11,,,,,
2026-04-24T10:59:48.040679,RISK_CHECK,RIOT,,100,488.7,position_size_exceeds_limit_20,,,,,,
2026-04-24T10:59:48.049428,SIGNAL,FTCH,,,,score_10.1_momentum_0.0083,10.05,,,,,
2026-04-24T10:59:48.058235,DECISION,FTCH,BUY,,,score_10.1_momentum_0.0083,10.05,,,,,
2026-04-24T10:59:48.067054,RISK_CHECK,FTCH,,100,267.44,position_size_exceeds_limit_37,,,,,,
2026-04-24T10:59:48.431742,PORTFOLIO_UPDATE,,,,,,,,,,,
2026-04-24T10:59:51.179664,SIGNAL,FTCH,,,,score_11.4_momentum_0.0064,11.4,,,,,
2026-04-24T10:59:51.190478,DECISION,FTCH,BUY,,,score_11.4_momentum_0.0064,11.4,,,,,
2026-04-24T10:59:51.200284,RISK_CHECK,FTCH,,100,268.34,position_size_exceeds_limit_37,,,,,,
2026-04-24T10:59:51.551222,PORTFOLIO_UPDATE,,,,,,,,,,,
2026-04-24T10:59:54.022197,SIGNAL,NEWR,,,,score_10.9_momentum_0.0065,10.9,,,,,
2026-04-24T10:59:54.033712,DECISION,NEWR,BUY,,,score_10.9_momentum_0.0065,10.9,,,,,
2026-04-24T10:59:54.042965,RISK_CHECK,NEWR,,100,348.37,position_size_exceeds_limit_29,,,,,,
2026-04-24T10:59:54.052184,SIGNAL,NFLX,,,,score_9.3_momentum_0.0048,9.3,,,,,
2026-04-24T10:59:54.061550,DECISION,NFLX,BUY,,,score_9.3_momentum_0.0048,9.3,,,,,
2026-04-24T10:59:54.074219,RISK_CHECK,NFLX,,100,467.86,position_size_exceeds_limit_21,,,,,,
2026-04-24T10:59:54.441063,PORTFOLIO_UPDATE,,,,,,,,,,,
2026-04-24T10:59:57.076684,SIGNAL,BOX,,,,score_11.4_momentum_0.0060,11.4,,,,,
2026-04-24T10:59:57.088711,DECISION,BOX,BUY,,,score_11.4_momentum_0.0060,11.4,,,,,
2026-04-24T10:59:57.098185,RISK_CHECK,BOX,,100,318.41,position_size_exceeds_limit_31,,,,,,
2026-04-24T10:59:57.111540,SIGNAL,MCHP,,,,score_10.9_momentum_0.0039,10.87,,,,,
2026-04-24T10:59:57.125607,DECISION,MCHP,BUY,,,score_10.9_momentum_0.0039,10.87,,,,,
2026-04-24T10:59:57.135698,RISK_CHECK,MCHP,,100,308.71,position_size_exceeds_limit_32,,,,,,
2026-04-24T10:59:57.145012,SIGNAL,AMZN,,,,score_9.2_momentum_0.0034,9.19,,,,,
2026-04-24T10:59:57.156248,DECISION,AMZN,BUY,,,score_9.2_momentum_0.0034,9.19,,,,,
2026-04-24T10:59:57.166014,RISK_CHECK,AMZN,,100,321.28,position_size_exceeds_limit_31,,,,,,
2026-04-24T10:59:57.175333,SIGNAL,NEWR,,,,score_8.9_momentum_0.0028,8.95,,,,,
2026-04-24T10:59:57.187831,DECISION,NEWR,BUY,,,score_8.9_momentum_0.0028,8.95,,,,,
2026-04-24T10:59:57.198047,RISK_CHECK,NEWR,,100,348.44,position_size_exceeds_limit_29,,,,,,
2026-04-24T10:59:57.534313,PORTFOLIO_UPDATE,,,,,,,,,,,
2026-04-24T11:00:00.054848,SIGNAL,NEWR,,,,score_11.5_momentum_0.0065,11.54,,,,,
2026-04-24T11:00:00.066996,DECISION,NEWR,BUY,,,score_11.5_momentum_0.0065,11.54,,,,,
2026-04-24T11:00:00.076862,RISK_CHECK,NEWR,,100,350.3,position_size_exceeds_limit_29,,,,,,
2026-04-24T11:00:00.089866,SIGNAL,TSLA,,,,score_10.4_momentum_0.0019,10.42,,,,,
2026-04-24T11:00:00.099821,DECISION,TSLA,BUY,,,score_10.4_momentum_0.0019,10.42,,,,,
2026-04-24T11:00:00.113621,RISK_CHECK,TSLA,,100,221.32,position_size_exceeds_limit_45,,,,,,
2026-04-24T11:00:00.461282,PORTFOLIO_UPDATE,,,,,,,,,,,
2026-04-24T11:00:03.077856,SIGNAL,NEWR,,,,score_10.6_momentum_0.0061,10.55,,,,,
2026-04-24T11:00:03.089340,DECISION,NEWR,BUY,,,score_10.6_momentum_0.0061,10.55,,,,,
2026-04-24T11:00:03.099242,RISK_CHECK,NEWR,,100,352.53,position_size_exceeds_limit_28,,,,,,
2026-04-24T11:00:03.112359,SIGNAL,FTCH,,,,score_9.9_momentum_0.0060,9.88,,,,,
2026-04-24T11:00:03.126235,DECISION,FTCH,BUY,,,score_9.9_momentum_0.0060,9.88,,,,,
2026-04-24T11:00:03.136624,RISK_CHECK,FTCH,,100,269.73,position_size_exceeds_limit_37,,,,,,
2026-04-24T11:00:03.148223,SIGNAL,MRVL,,,,score_9.5_momentum_0.0104,9.46,,,,,
2026-04-24T11:00:03.161006,DECISION,MRVL,BUY,,,score_9.5_momentum_0.0104,9.46,,,,,
2026-04-24T11:00:03.170697,RISK_CHECK,MRVL,,100,153.42,position_size_exceeds_limit_65,,,,,,
2026-04-24T11:00:03.579011,PORTFOLIO_UPDATE,,,,,,,,,,,
2026-04-24T11:00:06.206628,SIGNAL,PDD,,,,score_12.0_momentum_0.0049,12.01,,,,,
2026-04-24T11:00:06.242812,DECISION,PDD,BUY,,,score_12.0_momentum_0.0049,12.01,,,,,
2026-04-24T11:00:06.264974,RISK_CHECK,PDD,,100,133.79,position_size_exceeds_limit_75,,,,,,
2026-04-24T11:00:06.285316,SIGNAL,NEWR,,,,score_9.2_momentum_0.0018,9.23,,,,,
2026-04-24T11:00:06.308154,DECISION,NEWR,BUY,,,score_9.2_momentum_0.0018,9.23,,,,,
2026-04-24T11:00:06.327440,RISK_CHECK,NEWR,,100,353.15,position_size_exceeds_limit_28,,,,,,
2026-04-24T11:00:06.768561,PORTFOLIO_UPDATE,,,,,,,,,,,
2026-04-24T11:00:09.059446,SIGNAL,NEWR,,,,score_9.5_momentum_0.0031,9.52,,,,,
2026-04-24T11:00:09.071099,DECISION,NEWR,BUY,,,score_9.5_momentum_0.0031,9.52,,,,,
2026-04-24T11:00:09.080979,RISK_CHECK,NEWR,,100,354.14,position_size_exceeds_limit_28,,,,,,
2026-04-24T11:00:09.090730,SIGNAL,PDD,,,,score_8.7_momentum_0.0033,8.7,,,,,
2026-04-24T11:00:09.100832,DECISION,PDD,BUY,,,score_8.7_momentum_0.0033,8.7,,,,,
2026-04-24T11:00:09.115075,RISK_CHECK,PDD,,100,133.8,position_size_exceeds_limit_75,,,,,,
2026-04-24T11:00:09.127480,SIGNAL,AVGO,,,,score_8.7_momentum_0.0017,8.66,,,,,
2026-04-24T11:00:09.140005,DECISION,AVGO,BUY,,,score_8.7_momentum_0.0017,8.66,,,,,
2026-04-24T11:00:09.149901,RISK_CHECK,AVGO,,100,107.5,position_size_exceeds_limit_93,,,,,,
2026-04-24T11:00:09.566349,PORTFOLIO_UPDATE,,,,,,,,,,,
2026-04-24T11:00:12.113591,SIGNAL,BRK.B,,,,score_11.1_momentum_0.0097,11.08,,,,,
2026-04-24T11:00:12.130064,DECISION,BRK.B,BUY,,,score_11.1_momentum_0.0097,11.08,,,,,
2026-04-24T11:00:12.145994,RISK_CHECK,BRK.B,,100,107.47,position_size_exceeds_limit_93,,,,,,
2026-04-24T11:00:12.163154,SIGNAL,NEWR,,,,score_9.6_momentum_0.0040,9.55,,,,,
2026-04-24T11:00:12.181280,DECISION,NEWR,BUY,,,score_9.6_momentum_0.0040,9.55,,,,,
2026-04-24T11:00:12.199678,RISK_CHECK,NEWR,,100,355.23,position_size_exceeds_limit_28,,,,,,
2026-04-24T11:00:12.217121,SIGNAL,CRM,,,,score_8.8_momentum_0.0024,8.8,,,,,
2026-04-24T11:00:12.235459,DECISION,CRM,BUY,,,score_8.8_momentum_0.0024,8.8,,,,,
2026-04-24T11:00:12.255727,RISK_CHECK,CRM,,100,191.74,position_size_exceeds_limit_52,,,,,,
2026-04-24T11:00:12.834154,PORTFOLIO_UPDATE,,,,,,,,,,,
2026-04-24T11:00:15.295755,SIGNAL,PDD,,,,score_9.7_momentum_0.0097,9.73,,,,,
2026-04-24T11:00:15.314230,DECISION,PDD,BUY,,,score_9.7_momentum_0.0097,9.73,,,,,
2026-04-24T11:00:15.339282,RISK_CHECK,PDD,,100,134.63,position_size_exceeds_limit_74,,,,,,
2026-04-24T11:00:15.364155,SIGNAL,HD,,,,score_9.4_momentum_0.0073,9.41,,,,,
2026-04-24T11:00:15.382495,DECISION,HD,BUY,,,score_9.4_momentum_0.0073,9.41,,,,,
2026-04-24T11:00:15.398449,RISK_CHECK,HD,,100,390.97,position_size_exceeds_limit_26,,,,,,
2026-04-24T11:00:15.415208,SIGNAL,SUMO,,,,score_8.6_momentum_0.0055,8.62,,,,,
2026-04-24T11:00:15.431181,DECISION,SUMO,BUY,,,score_8.6_momentum_0.0055,8.62,,,,,
2026-04-24T11:00:15.447706,RISK_CHECK,SUMO,,100,317.98,position_size_exceeds_limit_31,,,,,,
2026-04-24T11:00:15.460809,SIGNAL,CRM,,,,score_7.9_momentum_0.0040,7.86,,,,,
2026-04-24T11:00:15.473886,DECISION,CRM,BUY,,,score_7.9_momentum_0.0040,7.86,,,,,
2026-04-24T11:00:15.485337,RISK_CHECK,CRM,,100,192.1,position_size_exceeds_limit_52,,,,,,
2026-04-24T11:00:15.969522,PORTFOLIO_UPDATE,,,,,,,,,,,
2026-04-24T11:00:18.117153,SIGNAL,HD,,,,score_10.6_momentum_0.0079,10.61,,,,,
2026-04-24T11:00:18.135600,DECISION,HD,BUY,,,score_10.6_momentum_0.0079,10.61,,,,,
2026-04-24T11:00:18.146303,RISK_CHECK,HD,,100,393.61,position_size_exceeds_limit_25,,,,,,
2026-04-24T11:00:18.156586,SIGNAL,SUMO,,,,score_9.8_momentum_0.0055,9.79,,,,,
2026-04-24T11:00:18.166942,DECISION,SUMO,BUY,,,score_9.8_momentum_0.0055,9.79,,,,,
2026-04-24T11:00:18.177383,RISK_CHECK,SUMO,,100,319.53,position_size_exceeds_limit_31,,,,,,
2026-04-24T11:00:18.187758,SIGNAL,SNAP,,,,score_9.6_momentum_0.0019,9.58,,,,,
2026-04-24T11:00:18.200405,DECISION,SNAP,BUY,,,score_9.6_momentum_0.0019,9.58,,,,,
2026-04-24T11:00:18.215622,RISK_CHECK,SNAP,,100,179.0,position_size_exceeds_limit_56,,,,,,
2026-04-24T11:00:18.228437,SIGNAL,PIN,,,,score_9.1_momentum_0.0083,9.05,,,,,
2026-04-24T11:00:18.243725,DECISION,PIN,BUY,,,score_9.1_momentum_0.0083,9.05,,,,,
2026-04-24T11:00:18.257105,RISK_CHECK,PIN,,100,331.17,position_size_exceeds_limit_30,,,,,,
2026-04-24T11:00:18.267756,SIGNAL,J,,,,score_8.6_momentum_0.0028,8.59,,,,,
2026-04-24T11:00:18.285894,DECISION,J,BUY,,,score_8.6_momentum_0.0028,8.59,,,,,
2026-04-24T11:00:18.310448,RISK_CHECK,J,,100,409.29,position_size_exceeds_limit_24,,,,,,
2026-04-24T11:00:18.695378,PORTFOLIO_UPDATE,,,,,,,,,,,
2026-04-24T11:00:21.114217,SIGNAL,SUMO,,,,score_11.6_momentum_0.0086,11.64,,,,,
2026-04-24T11:00:21.132156,DECISION,SUMO,BUY,,,score_11.6_momentum_0.0086,11.64,,,,,
2026-04-24T11:00:21.150117,RISK_CHECK,SUMO,,100,321.63,position_size_exceeds_limit_31,,,,,,
2026-04-24T11:00:21.170000,SIGNAL,HD,,,,score_10.4_momentum_0.0072,10.43,,,,,
2026-04-24T11:00:21.189042,DECISION,HD,BUY,,,score_10.4_momentum_0.0072,10.43,,,,,
2026-04-24T11:00:21.207809,RISK_CHECK,HD,,100,395.81,position_size_exceeds_limit_25,,,,,,
2026-04-24T11:00:21.225662,SIGNAL,J,,,,score_10.2_momentum_0.0059,10.22,,,,,
2026-04-24T11:00:21.242484,DECISION,J,BUY,,,score_10.2_momentum_0.0059,10.22,,,,,
2026-04-24T11:00:21.256087,RISK_CHECK,J,,100,410.41,position_size_exceeds_limit_24,,,,,,
2026-04-24T11:00:21.780223,PORTFOLIO_UPDATE,,,,,,,,,,,
2026-04-24T11:00:24.568043,PORTFOLIO_UPDATE,,,,,,,,,,,
2026-04-24T11:00:27.513405,SIGNAL,QCOM,,,,score_12.8_momentum_0.0114,12.83,,,,,
2026-04-24T11:00:27.537263,DECISION,QCOM,BUY,,,score_12.8_momentum_0.0114,12.83,,,,,
2026-04-24T11:00:27.559752,RISK_CHECK,QCOM,,100,387.65,position_size_exceeds_limit_26,,,,,,
2026-04-24T11:00:27.578803,SIGNAL,HD,,,,score_10.3_momentum_0.0030,10.28,,,,,
2026-04-24T11:00:27.599353,DECISION,HD,BUY,,,score_10.3_momentum_0.0030,10.28,,,,,
2026-04-24T11:00:27.619173,RISK_CHECK,HD,,100,396.73,position_size_exceeds_limit_25,,,,,,
2026-04-24T11:00:27.637987,SIGNAL,KLA,,,,score_10.0_momentum_0.0048,10.04,,,,,
2026-04-24T11:00:27.658168,DECISION,KLA,BUY,,,score_10.0_momentum_0.0048,10.04,,,,,
2026-04-24T11:00:27.680352,RISK_CHECK,KLA,,100,370.63,position_size_exceeds_limit_27,,,,,,
2026-04-24T11:00:27.697438,SIGNAL,J,,,,score_10.0_momentum_0.0044,10.02,,,,,
2026-04-24T11:00:27.714451,DECISION,J,BUY,,,score_10.0_momentum_0.0044,10.02,,,,,
2026-04-24T11:00:27.737368,RISK_CHECK,J,,100,413.78,position_size_exceeds_limit_24,,,,,,
2026-04-24T11:00:28.224581,PORTFOLIO_UPDATE,,,,,,,,,,,
2026-04-24T11:00:30.723327,SIGNAL,HD,,,,score_9.2_momentum_0.0010,9.18,,,,,
2026-04-24T11:00:30.748125,DECISION,HD,BUY,,,score_9.2_momentum_0.0010,9.18,,,,,
2026-04-24T11:00:30.764286,RISK_CHECK,HD,,100,396.99,position_size_exceeds_limit_25,,,,,,
2026-04-24T11:00:30.799588,SIGNAL,AMAT,,,,score_8.2_momentum_0.0040,8.18,,,,,
2026-04-24T11:00:30.818534,DECISION,AMAT,BUY,,,score_8.2_momentum_0.0040,8.18,,,,,
2026-04-24T11:00:30.835229,RISK_CHECK,AMAT,,100,245.46,position_size_exceeds_limit_41,,,,,,
2026-04-24T11:00:31.250780,PORTFOLIO_UPDATE,,,,,,,,,,,
2026-04-24T11:00:33.404529,SIGNAL,FTCH,,,,score_11.9_momentum_0.0106,11.94,,,,,
2026-04-24T11:00:33.440498,DECISION,FTCH,BUY,,,score_11.9_momentum_0.0106,11.94,,,,,
2026-04-24T11:00:33.456782,RISK_CHECK,FTCH,,100,273.53,position_size_exceeds_limit_37,,,,,,
2026-04-24T11:00:33.468125,SIGNAL,BOX,,,,score_10.0_momentum_0.0026,9.98,,,,,
2026-04-24T11:00:33.479586,DECISION,BOX,BUY,,,score_10.0_momentum_0.0026,9.98,,,,,
2026-04-24T11:00:33.492878,RISK_CHECK,BOX,,100,324.1,position_size_exceeds_limit_31,,,,,,
2026-04-24T11:00:33.505496,SIGNAL,J,,,,score_9.7_momentum_0.0032,9.65,,,,,
2026-04-24T11:00:33.521620,DECISION,J,BUY,,,score_9.7_momentum_0.0032,9.65,,,,,
2026-04-24T11:00:33.535144,RISK_CHECK,J,,100,414.97,position_size_exceeds_limit_24,,,,,,
2026-04-24T11:00:33.555553,SIGNAL,HD,,,,score_9.6_momentum_0.0061,9.62,,,,,
2026-04-24T11:00:33.586079,DECISION,HD,BUY,,,score_9.6_momentum_0.0061,9.62,,,,,
2026-04-24T11:00:33.601409,RISK_CHECK,HD,,100,398.71,position_size_exceeds_limit_25,,,,,,
2026-04-24T11:00:34.098359,PORTFOLIO_UPDATE,,,,,,,,,,,
2026-04-24T11:00:36.164160,SIGNAL,J,,,,score_10.0_momentum_0.0054,9.98,,,,,
2026-04-24T11:00:36.178138,DECISION,J,BUY,,,score_10.0_momentum_0.0054,9.98,,,,,
2026-04-24T11:00:36.189738,RISK_CHECK,J,,100,416.05,position_size_exceeds_limit_24,,,,,,
2026-04-24T11:00:36.201434,SIGNAL,OKTA,,,,score_9.6_momentum_0.0070,9.55,,,,,
2026-04-24T11:00:36.213561,DECISION,OKTA,BUY,,,score_9.6_momentum_0.0070,9.55,,,,,
2026-04-24T11:00:36.225050,RISK_CHECK,OKTA,,100,369.37,position_size_exceeds_limit_27,,,,,,
2026-04-24T11:00:36.236466,SIGNAL,HD,,,,score_8.7_momentum_0.0027,8.66,,,,,
2026-04-24T11:00:36.255119,DECISION,HD,BUY,,,score_8.7_momentum_0.0027,8.66,,,,,
2026-04-24T11:00:36.268539,RISK_CHECK,HD,,100,398.05,position_size_exceeds_limit_25,,,,,,
2026-04-24T11:00:36.687563,PORTFOLIO_UPDATE,,,,,,,,,,,
2026-04-24T11:00:39.182077,SIGNAL,PYPL,,,,score_11.0_momentum_0.0091,10.96,,,,,
2026-04-24T11:00:39.197652,DECISION,PYPL,BUY,,,score_11.0_momentum_0.0091,10.96,,,,,
2026-04-24T11:00:39.213277,RISK_CHECK,PYPL,,100,389.8,position_size_exceeds_limit_26,,,,,,
2026-04-24T11:00:39.230030,SIGNAL,BOX,,,,score_10.3_momentum_0.0021,10.29,,,,,
2026-04-24T11:00:39.242380,DECISION,BOX,BUY,,,score_10.3_momentum_0.0021,10.29,,,,,
2026-04-24T11:00:39.254127,RISK_CHECK,BOX,,100,324.3,position_size_exceeds_limit_31,,,,,,
2026-04-24T11:00:39.268117,SIGNAL,HD,,,,score_8.9_momentum_0.0034,8.87,,,,,
2026-04-24T11:00:39.280071,DECISION,HD,BUY,,,score_8.9_momentum_0.0034,8.87,,,,,
2026-04-24T11:00:39.291953,RISK_CHECK,HD,,100,399.22,position_size_exceeds_limit_25,,,,,,
2026-04-24T11:00:39.761458,PORTFOLIO_UPDATE,,,,,,,,,,,
2026-04-24T11:00:42.360363,SIGNAL,U,,,,score_11.3_momentum_0.0074,11.26,,,,,
2026-04-24T11:00:42.413049,DECISION,U,BUY,,,score_11.3_momentum_0.0074,11.26,,,,,
2026-04-24T11:00:42.459099,RISK_CHECK,U,,100,380.41,position_size_exceeds_limit_26,,,,,,
2026-04-24T11:00:42.510308,SIGNAL,HD,,,,score_10.7_momentum_0.0101,10.68,,,,,
2026-04-24T11:00:42.546271,DECISION,HD,BUY,,,score_10.7_momentum_0.0101,10.68,,,,,
2026-04-24T11:00:42.569317,RISK_CHECK,HD,,100,402.61,position_size_exceeds_limit_25,,,,,,
2026-04-24T11:00:43.182603,PORTFOLIO_UPDATE,,,,,,,,,,,
2026-04-24T11:00:45.182669,SIGNAL,J,,,,score_11.8_momentum_0.0083,11.79,,,,,
2026-04-24T11:00:45.197316,DECISION,J,BUY,,,score_11.8_momentum_0.0083,11.79,,,,,
2026-04-24T11:00:45.213235,RISK_CHECK,J,,100,421.58,position_size_exceeds_limit_24,,,,,,
2026-04-24T11:00:45.228659,SIGNAL,OKTA,,,,score_10.3_momentum_0.0051,10.3,,,,,
2026-04-24T11:00:45.241878,DECISION,OKTA,BUY,,,score_10.3_momentum_0.0051,10.3,,,,,
2026-04-24T11:00:45.254029,RISK_CHECK,OKTA,,100,371.77,position_size_exceeds_limit_27,,,,,,
2026-04-24T11:00:45.268385,SIGNAL,FTCH,,,,score_8.7_momentum_0.0027,8.69,,,,,
2026-04-24T11:00:45.281030,DECISION,FTCH,BUY,,,score_8.7_momentum_0.0027,8.69,,,,,
2026-04-24T11:00:45.293365,RISK_CHECK,FTCH,,100,275.59,position_size_exceeds_limit_36,,,,,,
2026-04-24T11:00:45.734750,PORTFOLIO_UPDATE,,,,,,,,,,,
2026-04-24T11:00:48.341972,SIGNAL,J,,,,score_11.0_momentum_0.0055,11.03,,,,,
2026-04-24T11:00:48.374572,DECISION,J,BUY,,,score_11.0_momentum_0.0055,11.03,,,,,
2026-04-24T11:00:48.398097,RISK_CHECK,J,,100,423.09,position_size_exceeds_limit_24,,,,,,
2026-04-24T11:00:48.887694,PORTFOLIO_UPDATE,,,,,,,,,,,
2026-04-24T11:00:51.735076,PORTFOLIO_UPDATE,,,,,,,,,,,
2026-04-24T11:00:54.789008,SIGNAL,PYPL,,,,score_12.1_momentum_0.0091,12.06,,,,,
2026-04-24T11:00:54.807303,DECISION,PYPL,BUY,,,score_12.1_momentum_0.0091,12.06,,,,,
2026-04-24T11:00:54.830273,RISK_CHECK,PYPL,,100,392.96,position_size_exceeds_limit_25,,,,,,
2026-04-24T11:00:54.847260,SIGNAL,DBX,,,,score_8.5_momentum_0.0034,8.5,,,,,
2026-04-24T11:00:54.859811,DECISION,DBX,BUY,,,score_8.5_momentum_0.0034,8.5,,,,,
2026-04-24T11:00:54.874154,RISK_CHECK,DBX,,100,125.66,position_size_exceeds_limit_80,,,,,,
2026-04-24T11:00:55.289197,PORTFOLIO_UPDATE,,,,,,,,,,,
2026-04-24T11:00:57.234817,SIGNAL,CDNS,,,,score_8.7_momentum_0.0017,8.74,,,,,
2026-04-24T11:00:57.271062,DECISION,CDNS,BUY,,,score_8.7_momentum_0.0017,8.74,,,,,
2026-04-24T11:00:57.313814,RISK_CHECK,CDNS,,100,432.99,position_size_exceeds_limit_23,,,,,,
2026-04-24T11:00:58.190614,PORTFOLIO_UPDATE,,,,,,,,,,,
2026-04-24T11:02:04.277231,PORTFOLIO_UPDATE,,,,,,,,,,,
2026-04-24T11:02:07.499797,PORTFOLIO_UPDATE,,,,,,,,,,,
2026-04-24T11:02:10.519317,PORTFOLIO_UPDATE,,,,,,,,,,,
2026-04-24T11:02:13.538796,PORTFOLIO_UPDATE,,,,,,,,,,,
2026-04-24T11:02:16.541947,PORTFOLIO_UPDATE,,,,,,,,,,,
2026-04-24T11:02:19.432663,SIGNAL,NIO,,,,score_12.9_momentum_0.0068,12.9,,,,,
2026-04-24T11:02:19.451451,DECISION,NIO,BUY,,,score_12.9_momentum_0.0068,12.9,,,,,
2026-04-24T11:02:19.468714,RISK_CHECK,NIO,,50,257.67,approved,,,,,,
2026-04-24T11:02:19.481615,EXECUTION,NIO,,50,257.67,,,100000.0,87116.5,100000.0,0.0,0.0
2026-04-24T11:02:19.494120,SIGNAL,ASML,,,,score_9.6_momentum_0.0120,9.64,,,,,
2026-04-24T11:02:19.509665,DECISION,ASML,BUY,,,score_9.6_momentum_0.0120,9.64,,,,,
2026-04-24T11:02:19.527209,RISK_CHECK,ASML,,50,163.85,approved,,,,,,
2026-04-24T11:02:19.543319,EXECUTION,ASML,,50,163.85,,,87116.5,78924.0,100000.0,0.0,0.0
2026-04-24T11:02:19.746856,PORTFOLIO_UPDATE,,,,,,,,,,,
2026-04-24T11:02:22.627976,PORTFOLIO_UPDATE,,,,,,,,,,,
2026-04-24T11:02:25.470002,SIGNAL,UTL,,,,score_9.4_momentum_0.0061,9.4,,,,,
2026-04-24T11:02:25.484771,DECISION,UTL,BUY,,,score_9.4_momentum_0.0061,9.4,,,,,
2026-04-24T11:02:25.497599,RISK_CHECK,UTL,,50,167.86,approved,,,,,,
2026-04-24T11:02:25.511378,EXECUTION,UTL,,50,167.86,,,78924.0,70531.0,100000.0,0.0,0.0
2026-04-24T11:02:25.699065,PORTFOLIO_UPDATE,,,,,,,,,,,
2026-04-24T11:02:28.459575,SIGNAL,AMZN,,,,score_13.0_momentum_0.0153,13.0,,,,,
2026-04-24T11:02:28.475078,DECISION,AMZN,BUY,,,score_13.0_momentum_0.0153,13.0,,,,,
2026-04-24T11:02:28.488168,RISK_CHECK,AMZN,,50,310.77,approved,,,,,,
2026-04-24T11:02:28.510166,EXECUTION,AMZN,,50,310.77,,,70531.0,54992.5,100000.0,0.0,0.0
2026-04-24T11:02:28.528863,SIGNAL,PDD,,,,score_11.3_momentum_0.0061,11.34,,,,,
2026-04-24T11:02:28.549538,DECISION,PDD,BUY,,,score_11.3_momentum_0.0061,11.34,,,,,
2026-04-24T11:02:28.574864,RISK_CHECK,PDD,,50,130.56,approved,,,,,,
2026-04-24T11:02:28.591690,EXECUTION,PDD,,50,130.56,,,54992.5,48464.5,100000.0,0.0,0.0
2026-04-24T11:02:28.606369,SIGNAL,NEWR,,,,score_11.3_momentum_0.0060,11.29,,,,,
2026-04-24T11:02:28.621482,DECISION,NEWR,BUY,,,score_11.3_momentum_0.0060,11.29,,,,,
2026-04-24T11:02:28.634485,RISK_CHECK,NEWR,,50,348.13,total_exposure_exceeds_limit,,,,,,
2026-04-24T11:02:28.902487,PORTFOLIO_UPDATE,,,,,,,,,,,
2026-04-24T11:02:31.462827,SIGNAL,NXPI,,,,score_10.2_momentum_0.0052,10.17,,,,,
2026-04-24T11:02:31.478974,DECISION,NXPI,BUY,,,score_10.2_momentum_0.0052,10.17,,,,,
2026-04-24T11:02:31.492341,RISK_CHECK,NXPI,,50,180.3,approved,,,,,,
2026-04-24T11:02:31.506376,EXECUTION,NXPI,,50,180.3,,,48464.5,39449.5,100000.0,0.0,0.0
2026-04-24T11:02:31.695792,PORTFOLIO_UPDATE,,,,,,,,,,,
2026-04-24T11:02:34.729368,SIGNAL,LI,,,,score_14.0_momentum_0.0067,13.96,,,,,
2026-04-24T11:02:34.745349,DECISION,LI,BUY,,,score_14.0_momentum_0.0067,13.96,,,,,
2026-04-24T11:02:34.758772,RISK_CHECK,LI,,50,446.22,total_exposure_exceeds_limit,,,,,,
2026-04-24T11:02:34.984248,PORTFOLIO_UPDATE,,,,,,,,,,,
2026-04-24T11:02:37.584439,SIGNAL,FSLY,,,,score_11.0_momentum_0.0033,11.01,,,,,
2026-04-24T11:02:37.600330,DECISION,FSLY,BUY,,,score_11.0_momentum_0.0033,11.01,,,,,
2026-04-24T11:02:37.625864,RISK_CHECK,FSLY,,50,496.27,total_exposure_exceeds_limit,,,,,,
2026-04-24T11:02:37.641101,SIGNAL,LI,,,,score_10.5_momentum_0.0054,10.51,,,,,
2026-04-24T11:02:37.654792,DECISION,LI,BUY,,,score_10.5_momentum_0.0054,10.51,,,,,
2026-04-24T11:02:37.670085,RISK_CHECK,LI,,50,447.97,total_exposure_exceeds_limit,,,,,,
2026-04-24T11:02:37.893965,PORTFOLIO_UPDATE,,,,,,,,,,,
2026-04-24T11:02:40.503984,SIGNAL,FSLY,,,,score_11.8_momentum_0.0049,11.78,,,,,
2026-04-24T11:02:40.523550,DECISION,FSLY,BUY,,,score_11.8_momentum_0.0049,11.78,,,,,
2026-04-24T11:02:40.540821,RISK_CHECK,FSLY,,50,497.37,total_exposure_exceeds_limit,,,,,,
2026-04-24T11:02:40.560261,SIGNAL,SNOW,,,,score_9.0_momentum_0.0097,9.01,,,,,
2026-04-24T11:02:40.580234,DECISION,SNOW,BUY,,,score_9.0_momentum_0.0097,9.01,,,,,
2026-04-24T11:02:40.629775,RISK_CHECK,SNOW,,50,216.31,approved,,,,,,
2026-04-24T11:02:40.659432,EXECUTION,SNOW,,50,216.31,,,39449.5,28634.0,100000.0,0.0,0.0
2026-04-24T11:02:40.932426,PORTFOLIO_UPDATE,,,,,,,,,,,
2026-04-24T11:02:43.511106,SIGNAL,CLSK,,,,score_10.8_momentum_0.0057,10.81,,,,,
2026-04-24T11:02:43.531699,DECISION,CLSK,BUY,,,score_10.8_momentum_0.0057,10.81,,,,,
2026-04-24T11:02:43.545589,RISK_CHECK,CLSK,,50,404.52,total_exposure_exceeds_limit,,,,,,
2026-04-24T11:02:43.560180,SIGNAL,FSLY,,,,score_8.7_momentum_0.0056,8.74,,,,,
2026-04-24T11:02:43.573999,DECISION,FSLY,BUY,,,score_8.7_momentum_0.0056,8.74,,,,,
2026-04-24T11:02:43.588190,RISK_CHECK,FSLY,,50,499.29,total_exposure_exceeds_limit,,,,,,
2026-04-24T11:02:43.841248,PORTFOLIO_UPDATE,,,,,,,,,,,
2026-04-24T11:02:46.523320,SIGNAL,IBM,,,,score_10.0_momentum_0.0077,10.01,,,,,
2026-04-24T11:02:46.539549,DECISION,IBM,BUY,,,score_10.0_momentum_0.0077,10.01,,,,,
2026-04-24T11:02:46.556058,RISK_CHECK,IBM,,50,316.11,total_exposure_exceeds_limit,,,,,,
2026-04-24T11:02:46.570780,SIGNAL,FSLY,,,,score_9.4_momentum_0.0053,9.4,,,,,
2026-04-24T11:02:46.588642,DECISION,FSLY,BUY,,,score_9.4_momentum_0.0053,9.4,,,,,
2026-04-24T11:02:46.604558,RISK_CHECK,FSLY,,50,501.18,position_size_exceeds_limit_50,,,,,,
2026-04-24T11:02:46.624546,SIGNAL,SQ,,,,score_8.1_momentum_0.0042,8.07,,,,,
2026-04-24T11:02:46.640200,DECISION,SQ,BUY,,,score_8.1_momentum_0.0042,8.07,,,,,
2026-04-24T11:02:46.654382,RISK_CHECK,SQ,,50,272.36,total_exposure_exceeds_limit,,,,,,
2026-04-24T11:02:46.668647,SIGNAL,SE,,,,score_8.0_momentum_0.0022,7.95,,,,,
2026-04-24T11:02:46.686859,DECISION,SE,BUY,,,score_8.0_momentum_0.0022,7.95,,,,,
2026-04-24T11:02:46.702323,RISK_CHECK,SE,,50,141.87,approved,,,,,,
2026-04-24T11:02:46.722692,EXECUTION,SE,,50,141.87,,,28634.0,21540.5,100000.0,0.0,0.0
2026-04-24T11:02:46.992033,PORTFOLIO_UPDATE,,,,,,,,,,,
2026-04-24T11:02:49.687997,SIGNAL,EXLS,,,,score_11.0_momentum_0.0055,10.96,,,,,
2026-04-24T11:02:49.723652,DECISION,EXLS,BUY,,,score_11.0_momentum_0.0055,10.96,,,,,
2026-04-24T11:02:49.761104,RISK_CHECK,EXLS,,50,130.75,approved,,,,,,
2026-04-24T11:02:49.792027,EXECUTION,EXLS,,50,130.75,,,21540.5,15003.0,100000.0,0.0,0.0
2026-04-24T11:02:49.822877,SIGNAL,CSCO,,,,score_9.9_momentum_0.0064,9.91,,,,,
2026-04-24T11:02:49.849644,DECISION,CSCO,BUY,,,score_9.9_momentum_0.0064,9.91,,,,,
2026-04-24T11:02:49.876559,RISK_CHECK,CSCO,,50,271.45,total_exposure_exceeds_limit,,,,,,
2026-04-24T11:02:49.902959,SIGNAL,FSLY,,,,score_9.0_momentum_0.0073,9.0,,,,,
2026-04-24T11:02:49.930582,DECISION,FSLY,BUY,,,score_9.0_momentum_0.0073,9.0,,,,,
2026-04-24T11:02:49.958285,RISK_CHECK,FSLY,,50,504.02,insufficient_cash,,,,,,
2026-04-24T11:02:50.297424,PORTFOLIO_UPDATE,,,,,,,,,,,
2026-04-24T11:02:52.538079,SIGNAL,CSCO,,,,score_9.7_momentum_0.0065,9.68,,,,,
2026-04-24T11:02:52.555652,DECISION,CSCO,BUY,,,score_9.7_momentum_0.0065,9.68,,,,,
2026-04-24T11:02:52.570487,RISK_CHECK,CSCO,,50,272.07,total_exposure_exceeds_limit,,,,,,
2026-04-24T11:02:52.585069,SIGNAL,FSLY,,,,score_9.2_momentum_0.0091,9.2,,,,,
2026-04-24T11:02:52.599704,DECISION,FSLY,BUY,,,score_9.2_momentum_0.0091,9.2,,,,,
2026-04-24T11:02:52.621489,RISK_CHECK,FSLY,,50,506.7,insufficient_cash,,,,,,
2026-04-24T11:02:52.860356,PORTFOLIO_UPDATE,,,,,,,,,,,
2026-04-24T11:02:55.825532,PORTFOLIO_UPDATE,,,,,,,,,,,
2026-04-24T11:02:58.604326,SIGNAL,LRCX,,,,score_12.5_momentum_0.0124,12.53,,,,,
2026-04-24T11:02:58.628120,DECISION,LRCX,BUY,,,score_12.5_momentum_0.0124,12.53,,,,,
2026-04-24T11:02:58.644657,RISK_CHECK,LRCX,,50,293.94,total_exposure_exceeds_limit,,,,,,
2026-04-24T11:02:58.889289,PORTFOLIO_UPDATE,,,,,,,,,,,
2026-04-24T11:03:01.563759,SIGNAL,QCOM,,,,score_11.0_momentum_0.0088,10.96,,,,,
2026-04-24T11:03:01.585481,DECISION,QCOM,BUY,,,score_11.0_momentum_0.0088,10.96,,,,,
2026-04-24T11:03:01.611349,RISK_CHECK,QCOM,,50,396.58,insufficient_cash,,,,,,
2026-04-24T11:03:01.641754,SIGNAL,DIS,,,,score_10.8_momentum_0.0076,10.8,,,,,
2026-04-24T11:03:01.667670,DECISION,DIS,BUY,,,score_10.8_momentum_0.0076,10.8,,,,,
2026-04-24T11:03:01.691106,RISK_CHECK,DIS,,50,412.17,insufficient_cash,,,,,,
2026-04-24T11:03:01.982373,PORTFOLIO_UPDATE,,,,,,,,,,,
2026-04-24T11:03:04.576502,SIGNAL,DIS,,,,score_9.1_momentum_0.0033,9.08,,,,,
2026-04-24T11:03:04.594314,DECISION,DIS,BUY,,,score_9.1_momentum_0.0033,9.08,,,,,
2026-04-24T11:03:04.613614,RISK_CHECK,DIS,,50,412.05,insufficient_cash,,,,,,
2026-04-24T11:03:04.633432,SIGNAL,CLSK,,,,score_8.7_momentum_0.0070,8.71,,,,,
2026-04-24T11:03:04.648989,DECISION,CLSK,BUY,,,score_8.7_momentum_0.0070,8.71,,,,,
2026-04-24T11:03:04.666523,RISK_CHECK,CLSK,,50,406.41,insufficient_cash,,,,,,
2026-04-24T11:03:05.038010,PORTFOLIO_UPDATE,,,,,,,,,,,
2026-04-24T11:03:07.616653,SIGNAL,LI,,,,score_9.5_momentum_0.0068,9.46,,,,,
2026-04-24T11:03:07.645266,DECISION,LI,BUY,,,score_9.5_momentum_0.0068,9.46,,,,,
2026-04-24T11:03:07.670188,RISK_CHECK,LI,,50,463.79,insufficient_cash,,,,,,
2026-04-24T11:03:07.697164,SIGNAL,DIS,,,,score_9.2_momentum_0.0039,9.15,,,,,
2026-04-24T11:03:07.723125,DECISION,DIS,BUY,,,score_9.2_momentum_0.0039,9.15,,,,,
2026-04-24T11:03:07.754295,RISK_CHECK,DIS,,50,413.51,insufficient_cash,,,,,,
2026-04-24T11:03:07.774534,SIGNAL,SQ,,,,score_8.5_momentum_0.0051,8.54,,,,,
2026-04-24T11:03:07.792956,DECISION,SQ,BUY,,,score_8.5_momentum_0.0051,8.54,,,,,
2026-04-24T11:03:07.813827,RISK_CHECK,SQ,,50,272.63,total_exposure_exceeds_limit,,,,,,
2026-04-24T11:03:08.091941,PORTFOLIO_UPDATE,,,,,,,,,,,
2026-04-24T11:03:11.007506,PORTFOLIO_UPDATE,,,,,,,,,,,
2026-04-24T11:03:13.624549,SIGNAL,JKHY,,,,score_9.4_momentum_0.0055,9.36,,,,,
2026-04-24T11:03:13.644962,DECISION,JKHY,BUY,,,score_9.4_momentum_0.0055,9.36,,,,,
2026-04-24T11:03:13.661218,RISK_CHECK,JKHY,,50,169.33,total_exposure_exceeds_limit,,,,,,
2026-04-24T11:03:13.677372,SIGNAL,SUMO,,,,score_9.1_momentum_0.0045,9.13,,,,,
2026-04-24T11:03:13.694372,DECISION,SUMO,BUY,,,score_9.1_momentum_0.0045,9.13,,,,,
2026-04-24T11:03:13.715008,RISK_CHECK,SUMO,,50,323.06,insufficient_cash,,,,,,
2026-04-24T11:03:13.985006,PORTFOLIO_UPDATE,,,,,,,,,,,
2026-04-24T11:03:16.679528,SIGNAL,PYPL,,,,score_11.7_momentum_0.0063,11.68,,,,,
2026-04-24T11:03:16.738092,DECISION,PYPL,BUY,,,score_11.7_momentum_0.0063,11.68,,,,,
2026-04-24T11:03:16.774538,RISK_CHECK,PYPL,,50,383.94,insufficient_cash,,,,,,
2026-04-24T11:03:16.814132,SIGNAL,SQ,,,,score_10.6_momentum_0.0054,10.62,,,,,
2026-04-24T11:03:16.857265,DECISION,SQ,BUY,,,score_10.6_momentum_0.0054,10.62,,,,,
2026-04-24T11:03:16.899933,RISK_CHECK,SQ,,50,273.92,total_exposure_exceeds_limit,,,,,,
2026-04-24T11:03:16.950289,SIGNAL,MSTR,,,,score_9.2_momentum_0.0038,9.15,,,,,
2026-04-24T11:03:17.000294,DECISION,MSTR,BUY,,,score_9.2_momentum_0.0038,9.15,,,,,
2026-04-24T11:03:17.024000,RISK_CHECK,MSTR,,50,457.52,insufficient_cash,,,,,,
2026-04-24T11:03:17.289835,PORTFOLIO_UPDATE,,,,,,,,,,,
2026-04-24T11:03:19.624890,SIGNAL,PYPL,,,,score_11.5_momentum_0.0099,11.49,,,,,
2026-04-24T11:03:19.648474,DECISION,PYPL,BUY,,,score_11.5_momentum_0.0099,11.49,,,,,
2026-04-24T11:03:19.665409,RISK_CHECK,PYPL,,50,386.34,insufficient_cash,,,,,,
2026-04-24T11:03:19.682498,SIGNAL,SQ,,,,score_9.7_momentum_0.0018,9.67,,,,,
2026-04-24T11:03:19.699214,DECISION,SQ,BUY,,,score_9.7_momentum_0.0018,9.67,,,,,
2026-04-24T11:03:19.723087,RISK_CHECK,SQ,,50,274.47,total_exposure_exceeds_limit,,,,,,
2026-04-24T11:03:19.742467,SIGNAL,HD,,,,score_8.9_momentum_0.0038,8.94,,,,,
2026-04-24T11:03:19.761113,DECISION,HD,BUY,,,score_8.9_momentum_0.0038,8.94,,,,,
2026-04-24T11:03:19.777910,RISK_CHECK,HD,,50,393.33,insufficient_cash,,,,,,
2026-04-24T11:03:20.088779,PORTFOLIO_UPDATE,,,,,,,,,,,
2026-04-24T11:03:22.632201,SIGNAL,SQ,,,,score_10.7_momentum_0.0074,10.65,,,,,
2026-04-24T11:03:22.650702,DECISION,SQ,BUY,,,score_10.7_momentum_0.0074,10.65,,,,,
2026-04-24T11:03:22.676988,RISK_CHECK,SQ,,50,275.65,total_exposure_exceeds_limit,,,,,,
2026-04-24T11:03:22.694208,SIGNAL,PYPL,,,,score_9.8_momentum_0.0046,9.83,,,,,
2026-04-24T11:03:22.715713,DECISION,PYPL,BUY,,,score_9.8_momentum_0.0046,9.83,,,,,
2026-04-24T11:03:22.737554,RISK_CHECK,PYPL,,50,386.63,insufficient_cash,,,,,,
2026-04-24T11:03:23.012956,PORTFOLIO_UPDATE,,,,,,,,,,,
2026-04-24T11:03:26.008312,SIGNAL,REGI,,,,score_14.1_momentum_0.0107,14.06,,,,,
2026-04-24T11:03:26.059875,DECISION,REGI,BUY,,,score_14.1_momentum_0.0107,14.06,,,,,
2026-04-24T11:03:26.106449,RISK_CHECK,REGI,,50,133.59,approved,,,,,,
2026-04-24T11:03:26.135931,EXECUTION,REGI,,50,133.59,,,15003.0,8323.5,100000.0,0.0,0.0
2026-04-24T11:03:26.167529,SIGNAL,HD,,,,score_11.6_momentum_0.0076,11.59,,,,,
2026-04-24T11:03:26.199745,DECISION,HD,BUY,,,score_11.6_momentum_0.0076,11.59,,,,,
2026-04-24T11:03:26.228458,RISK_CHECK,HD,,50,397.25,insufficient_cash,,,,,,
2026-04-24T11:03:26.250724,SIGNAL,PYPL,,,,score_10.2_momentum_0.0063,10.17,,,,,
2026-04-24T11:03:26.269802,DECISION,PYPL,BUY,,,score_10.2_momentum_0.0063,10.17,,,,,
2026-04-24T11:03:26.287185,RISK_CHECK,PYPL,,50,388.29,insufficient_cash,,,,,,
2026-04-24T11:03:26.588023,PORTFOLIO_UPDATE,,,,,,,,,,,
2026-04-24T11:03:28.652332,SIGNAL,MSTR,,,,score_11.3_momentum_0.0109,11.28,,,,,
2026-04-24T11:03:28.672122,DECISION,MSTR,BUY,,,score_11.3_momentum_0.0109,11.28,,,,,
2026-04-24T11:03:28.689874,RISK_CHECK,MSTR,,50,465.23,insufficient_cash,,,,,,
2026-04-24T11:03:28.981536,PORTFOLIO_UPDATE,,,,,,,,,,,
2026-04-24T11:03:31.755339,SIGNAL,MSTR,,,,score_11.2_momentum_0.0080,11.2,,,,,
2026-04-24T11:03:31.774927,DECISION,MSTR,BUY,,,score_11.2_momentum_0.0080,11.2,,,,,
2026-04-24T11:03:31.792692,RISK_CHECK,MSTR,,50,466.58,insufficient_cash,,,,,,
2026-04-24T11:03:32.162795,PORTFOLIO_UPDATE,,,,,,,,,,,
2026-04-24T11:03:34.731175,SIGNAL,MSTR,,,,score_9.2_momentum_0.0031,9.24,,,,,
2026-04-24T11:03:34.759522,DECISION,MSTR,BUY,,,score_9.2_momentum_0.0031,9.24,,,,,
2026-04-24T11:03:34.801228,RISK_CHECK,MSTR,,50,467.53,insufficient_cash,,,,,,
2026-04-24T11:03:34.843408,SIGNAL,PINS,,,,score_8.5_momentum_0.0053,8.46,,,,,
2026-04-24T11:03:34.883446,DECISION,PINS,BUY,,,score_8.5_momentum_0.0053,8.46,,,,,
2026-04-24T11:03:34.925291,RISK_CHECK,PINS,,50,207.48,insufficient_cash,,,,,,
2026-04-24T11:03:35.264414,PORTFOLIO_UPDATE,,,,,,,,,,,
2026-04-24T11:03:37.677134,SIGNAL,DIS,,,,score_9.2_momentum_0.0079,9.18,,,,,
2026-04-24T11:03:37.697474,DECISION,DIS,BUY,,,score_9.2_momentum_0.0079,9.18,,,,,
2026-04-24T11:03:37.722169,RISK_CHECK,DIS,,50,420.6,insufficient_cash,,,,,,
2026-04-24T11:03:37.746513,SIGNAL,S,,,,score_9.0_momentum_0.0028,8.98,,,,,
2026-04-24T11:03:37.766240,DECISION,S,BUY,,,score_9.0_momentum_0.0028,8.98,,,,,
2026-04-24T11:03:37.784545,RISK_CHECK,S,,50,268.59,insufficient_cash,,,,,,
2026-04-24T11:03:37.803551,SIGNAL,MRVL,,,,score_8.5_momentum_0.0039,8.48,,,,,
2026-04-24T11:03:37.836277,DECISION,MRVL,BUY,,,score_8.5_momentum_0.0039,8.48,,,,,
2026-04-24T11:03:37.876903,RISK_CHECK,MRVL,,50,158.42,total_exposure_exceeds_limit,,,,,,
2026-04-24T11:03:38.256077,PORTFOLIO_UPDATE,,,,,,,,,,,
2026-04-24T11:06:20.023818,PORTFOLIO_UPDATE,,,,,,,,,,,
2026-04-24T11:06:23.260482,PORTFOLIO_UPDATE,,,,,,,,,,,
2026-04-24T11:06:26.474944,PORTFOLIO_UPDATE,,,,,,,,,,,
2026-04-24T11:06:29.329768,PORTFOLIO_UPDATE,,,,,,,,,,,
2026-04-24T11:06:32.383679,PORTFOLIO_UPDATE,,,,,,,,,,,
2026-04-24T11:06:35.356573,PORTFOLIO_UPDATE,,,,,,,,,,,
2026-04-24T11:06:38.428087,PORTFOLIO_UPDATE,,,,,,,,,,,
2026-04-24T11:06:42.076281,SIGNAL,PLYA,,,,score_10.3_momentum_0.0061,10.3,,,,,
2026-04-24T11:06:42.140136,DECISION,PLYA,BUY,,,score_10.3_momentum_0.0061,10.3,,,,,
2026-04-24T11:06:42.198757,RISK_CHECK,PLYA,,50,154.55,approved,,,,,,
2026-04-24T11:06:42.249048,EXECUTION,PLYA,,50,154.55,,,100000.0,92272.5,100000.0,0.0,0.0
2026-04-24T11:06:42.277585,SIGNAL,PDD,,,,score_8.6_momentum_0.0134,8.59,,,,,
2026-04-24T11:06:42.313348,DECISION,PDD,BUY,,,score_8.6_momentum_0.0134,8.59,,,,,
2026-04-24T11:06:42.358116,RISK_CHECK,PDD,,50,130.06,approved,,,,,,
2026-04-24T11:06:42.388539,EXECUTION,PDD,,50,130.06,,,92272.5,85769.5,100000.0,0.0,0.0
2026-04-24T11:06:42.419841,SIGNAL,AAPL,,,,score_8.5_momentum_0.0112,8.46,,,,,
2026-04-24T11:06:42.462696,DECISION,AAPL,BUY,,,score_8.5_momentum_0.0112,8.46,,,,,
2026-04-24T11:06:42.495242,RISK_CHECK,AAPL,,50,184.95,approved,,,,,,
2026-04-24T11:06:42.542849,EXECUTION,AAPL,,50,184.95,,,85769.5,76522.0,100000.0,0.0,0.0
2026-04-24T11:06:42.571562,SIGNAL,CRWD,,,,score_7.9_momentum_0.0071,7.9,,,,,
2026-04-24T11:06:42.593591,DECISION,CRWD,BUY,,,score_7.9_momentum_0.0071,7.9,,,,,
2026-04-24T11:06:42.628429,RISK_CHECK,CRWD,,50,149.31,approved,,,,,,
2026-04-24T11:06:42.649081,EXECUTION,CRWD,,50,149.31,,,76522.0,69056.5,100000.0,0.0,0.0
2026-04-24T11:06:42.903844,PORTFOLIO_UPDATE,,,,,,,,,,,
2026-04-24T11:06:45.027048,SIGNAL,LCID,,,,score_11.3_momentum_0.0067,11.33,,,,,
2026-04-24T11:06:45.075078,DECISION,LCID,BUY,,,score_11.3_momentum_0.0067,11.33,,,,,
2026-04-24T11:06:45.117468,RISK_CHECK,LCID,,50,198.69,approved,,,,,,
2026-04-24T11:06:45.167410,EXECUTION,LCID,,50,198.69,,,69056.5,59122.0,100000.0,0.0,0.0
2026-04-24T11:06:45.405166,PORTFOLIO_UPDATE,,,,,,,,,,,
2026-04-24T11:06:48.189866,PORTFOLIO_UPDATE,,,,,,,,,,,
2026-04-24T11:06:50.934148,SIGNAL,TWTR,,,,score_8.2_momentum_0.0071,8.22,,,,,
2026-04-24T11:06:50.960181,DECISION,TWTR,BUY,,,score_8.2_momentum_0.0071,8.22,,,,,
2026-04-24T11:06:50.979906,RISK_CHECK,TWTR,,50,449.42,total_exposure_exceeds_limit,,,,,,
2026-04-24T11:06:51.193255,PORTFOLIO_UPDATE,,,,,,,,,,,
2026-04-24T11:06:53.950312,SIGNAL,LRCX,,,,score_12.2_momentum_0.0043,12.16,,,,,
2026-04-24T11:06:53.972329,DECISION,LRCX,BUY,,,score_12.2_momentum_0.0043,12.16,,,,,
2026-04-24T11:06:53.998248,RISK_CHECK,LRCX,,50,285.93,total_exposure_exceeds_limit,,,,,,
2026-04-24T11:06:54.265111,PORTFOLIO_UPDATE,,,,,,,,,,,
2026-04-24T11:06:57.196179,SIGNAL,LRCX,,,,score_10.6_momentum_0.0032,10.63,,,,,
2026-04-24T11:06:57.239001,DECISION,LRCX,BUY,,,score_10.6_momentum_0.0032,10.63,,,,,
2026-04-24T11:06:57.262192,RISK_CHECK,LRCX,,50,286.67,total_exposure_exceeds_limit,,,,,,
2026-04-24T11:06:57.283848,SIGNAL,ONTO,,,,score_10.3_momentum_0.0083,10.35,,,,,
2026-04-24T11:06:57.304712,DECISION,ONTO,BUY,,,score_10.3_momentum_0.0083,10.35,,,,,
2026-04-24T11:06:57.331210,RISK_CHECK,ONTO,,50,237.43,approved,,,,,,
2026-04-24T11:06:57.355139,EXECUTION,ONTO,,50,237.43,,,59122.0,47250.5,100000.0,0.0,0.0
2026-04-24T11:06:57.576500,PORTFOLIO_UPDATE,,,,,,,,,,,
2026-04-24T11:06:59.998105,SIGNAL,FSLY,,,,score_11.6_momentum_0.0057,11.57,,,,,
2026-04-24T11:07:00.029152,DECISION,FSLY,BUY,,,score_11.6_momentum_0.0057,11.57,,,,,
2026-04-24T11:07:00.056006,RISK_CHECK,FSLY,,50,519.58,position_size_exceeds_limit_48,,,,,,
2026-04-24T11:07:00.077891,SIGNAL,LMND,,,,score_11.1_momentum_0.0066,11.05,,,,,
2026-04-24T11:07:00.098194,DECISION,LMND,BUY,,,score_11.1_momentum_0.0066,11.05,,,,,
2026-04-24T11:07:00.124616,RISK_CHECK,LMND,,50,236.37,total_exposure_exceeds_limit,,,,,,
2026-04-24T11:07:00.357806,PORTFOLIO_UPDATE,,,,,,,,,,,
2026-04-24T11:07:02.959609,SIGNAL,SNOW,,,,score_9.6_momentum_0.0030,9.62,,,,,
2026-04-24T11:07:02.982035,DECISION,SNOW,BUY,,,score_9.6_momentum_0.0030,9.62,,,,,
2026-04-24T11:07:03.002618,RISK_CHECK,SNOW,,50,205.44,approved,,,,,,
2026-04-24T11:07:03.029576,EXECUTION,SNOW,,50,205.44,,,47250.5,36978.5,100000.0,0.0,0.0
2026-04-24T11:07:03.278801,PORTFOLIO_UPDATE,,,,,,,,,,,
2026-04-24T11:07:06.215874,PORTFOLIO_UPDATE,,,,,,,,,,,
2026-04-24T11:07:08.977208,SIGNAL,SNAP,,,,score_10.8_momentum_0.0062,10.76,,,,,
2026-04-24T11:07:08.999632,DECISION,SNAP,BUY,,,score_10.8_momentum_0.0062,10.76,,,,,
2026-04-24T11:07:09.027357,RISK_CHECK,SNAP,,50,185.86,approved,,,,,,
2026-04-24T11:07:09.047467,EXECUTION,SNAP,,50,185.86,,,36978.5,27685.5,100000.0,0.0,0.0
2026-04-24T11:07:09.336965,PORTFOLIO_UPDATE,,,,,,,,,,,
2026-04-24T11:07:52.394222,PORTFOLIO_UPDATE,,,,,,,,,,,
2026-04-24T11:07:55.598870,PORTFOLIO_UPDATE,,,,,,,,,,,
2026-04-24T11:07:58.817039,PORTFOLIO_UPDATE,,,,,,,,,,,
2026-04-24T11:08:01.467228,PORTFOLIO_UPDATE,,,,,,,,,,,
2026-04-24T11:08:04.481209,PORTFOLIO_UPDATE,,,,,,,,,,,
2026-04-24T11:08:07.512809,PORTFOLIO_UPDATE,,,,,,,,,,,
2026-04-24T11:08:10.745361,PORTFOLIO_UPDATE,,,,,,,,,,,
2026-04-24T11:08:13.862616,PORTFOLIO_UPDATE,,,,,,,,,,,
2026-04-24T11:08:16.646576,SIGNAL,VRSN,,,,score_9.3_momentum_0.0038,9.27,,,,,
2026-04-24T11:08:16.669471,DECISION,VRSN,BUY,,,score_9.3_momentum_0.0038,9.27,,,,,
2026-04-24T11:08:16.691005,RISK_CHECK,VRSN,,50,100.01,approved,,,,,,
2026-04-24T11:08:16.715505,EXECUTION,VRSN,,50,100.01,,,100000.0,94999.5,100000.0,0.0,0.0
2026-04-24T11:08:16.949089,PORTFOLIO_UPDATE,,,,,,,,,,,
2026-04-24T11:08:19.845651,SIGNAL,J,,,,score_8.9_momentum_0.0099,8.92,,,,,
2026-04-24T11:08:19.895592,DECISION,J,BUY,,,score_8.9_momentum_0.0099,8.92,,,,,
2026-04-24T11:08:19.970982,RISK_CHECK,J,,50,421.98,approved,,,,,,
2026-04-24T11:08:20.010384,EXECUTION,J,,50,421.98,,,94999.5,73900.5,100000.0,0.0,0.0
2026-04-24T11:08:20.237987,PORTFOLIO_UPDATE,,,,,,,,,,,
2026-04-24T11:08:22.846981,PORTFOLIO_UPDATE,,,,,,,,,,,
2026-04-24T11:08:25.646474,SIGNAL,NVDA,,,,score_9.9_momentum_0.0063,9.93,,,,,
2026-04-24T11:08:25.669550,DECISION,NVDA,BUY,,,score_9.9_momentum_0.0063,9.93,,,,,
2026-04-24T11:08:25.692005,RISK_CHECK,NVDA,,50,437.58,approved,,,,,,
2026-04-24T11:08:25.717459,EXECUTION,NVDA,,50,437.58,,,73900.5,52021.5,100000.0,0.0,0.0
2026-04-24T11:08:25.937746,PORTFOLIO_UPDATE,,,,,,,,,,,
2026-04-24T11:08:28.641625,SIGNAL,ETSY,,,,score_12.3_momentum_0.0112,12.26,,,,,
2026-04-24T11:08:28.665502,DECISION,ETSY,BUY,,,score_12.3_momentum_0.0112,12.26,,,,,
2026-04-24T11:08:28.688838,RISK_CHECK,ETSY,,50,438.0,total_exposure_exceeds_limit,,,,,,
2026-04-24T11:08:28.713357,SIGNAL,CDNS,,,,score_9.3_momentum_0.0052,9.31,,,,,
2026-04-24T11:08:28.740052,DECISION,CDNS,BUY,,,score_9.3_momentum_0.0052,9.31,,,,,
2026-04-24T11:08:28.762584,RISK_CHECK,CDNS,,50,433.0,total_exposure_exceeds_limit,,,,,,
2026-04-24T11:08:28.981208,PORTFOLIO_UPDATE,,,,,,,,,,,
2026-04-24T11:08:31.638039,SIGNAL,SQ,,,,score_10.5_momentum_0.0108,10.51,,,,,
2026-04-24T11:08:31.667081,DECISION,SQ,BUY,,,score_10.5_momentum_0.0108,10.51,,,,,
2026-04-24T11:08:31.691717,RISK_CHECK,SQ,,50,267.7,approved,,,,,,
2026-04-24T11:08:31.718219,EXECUTION,SQ,,50,267.7,,,52021.5,38636.5,100000.0,0.0,0.0
2026-04-24T11:08:31.936109,PORTFOLIO_UPDATE,,,,,,,,,,,
2026-04-24T11:08:34.657375,SIGNAL,SE,,,,score_11.6_momentum_0.0097,11.62,,,,,
2026-04-24T11:08:34.683955,DECISION,SE,BUY,,,score_11.6_momentum_0.0097,11.62,,,,,
2026-04-24T11:08:34.716704,RISK_CHECK,SE,,50,149.04,approved,,,,,,
2026-04-24T11:08:34.745417,EXECUTION,SE,,50,149.04,,,38636.5,31184.5,100000.0,0.0,0.0
2026-04-24T11:08:34.766791,SIGNAL,CHRW,,,,score_11.1_momentum_0.0083,11.13,,,,,
2026-04-24T11:08:34.789798,DECISION,CHRW,BUY,,,score_11.1_momentum_0.0083,11.13,,,,,
2026-04-24T11:08:34.817890,RISK_CHECK,CHRW,,50,386.72,total_exposure_exceeds_limit,,,,,,
2026-04-24T11:08:35.396062,PORTFOLIO_UPDATE,,,,,,,,,,,
2026-04-24T11:08:37.864298,PORTFOLIO_UPDATE,,,,,,,,,,,
2026-04-24T11:08:40.688587,SIGNAL,EXLS,,,,score_12.7_momentum_0.0091,12.69,,,,,
2026-04-24T11:08:40.717749,DECISION,EXLS,BUY,,,score_12.7_momentum_0.0091,12.69,,,,,
2026-04-24T11:08:40.744712,RISK_CHECK,EXLS,,50,124.76,approved,,,,,,
2026-04-24T11:08:40.766812,EXECUTION,EXLS,,50,124.76,,,31184.5,24946.5,100000.0,0.0,0.0
2026-04-24T11:08:41.069984,PORTFOLIO_UPDATE,,,,,,,,,,,
2026-04-24T11:08:44.065287,PORTFOLIO_UPDATE,,,,,,,,,,,
2026-04-24T11:08:46.785636,SIGNAL,ASML,,,,score_9.0_momentum_0.0078,9.01,,,,,
2026-04-24T11:08:46.813422,DECISION,ASML,BUY,,,score_9.0_momentum_0.0078,9.01,,,,,
2026-04-24T11:08:46.840417,RISK_CHECK,ASML,,50,169.84,approved,,,,,,
2026-04-24T11:08:46.862442,EXECUTION,ASML,,50,169.84,,,24946.5,16454.5,100000.0,0.0,0.0
2026-04-24T11:08:47.115590,PORTFOLIO_UPDATE,,,,,,,,,,,
2026-04-24T11:08:49.746210,SIGNAL,LRCX,,,,score_10.7_momentum_0.0088,10.67,,,,,
2026-04-24T11:08:49.771579,DECISION,LRCX,BUY,,,score_10.7_momentum_0.0088,10.67,,,,,
2026-04-24T11:08:49.804479,RISK_CHECK,LRCX,,50,284.97,total_exposure_exceeds_limit,,,,,,
2026-04-24T11:08:50.259580,PORTFOLIO_UPDATE,,,,,,,,,,,
2026-04-24T11:08:52.696724,SIGNAL,PINS,,,,score_8.6_momentum_0.0044,8.55,,,,,
2026-04-24T11:08:52.727949,DECISION,PINS,BUY,,,score_8.6_momentum_0.0044,8.55,,,,,
2026-04-24T11:08:52.750850,RISK_CHECK,PINS,,50,216.48,total_exposure_exceeds_limit,,,,,,
2026-04-24T11:08:53.028156,PORTFOLIO_UPDATE,,,,,,,,,,,
2026-04-24T11:08:56.032505,SIGNAL,MA,,,,score_9.8_momentum_0.0056,9.85,,,,,
2026-04-24T11:08:56.099597,DECISION,MA,BUY,,,score_9.8_momentum_0.0056,9.85,,,,,
2026-04-24T11:08:56.133136,RISK_CHECK,MA,,50,289.04,total_exposure_exceeds_limit,,,,,,
2026-04-24T11:08:56.155330,SIGNAL,REGI,,,,score_9.8_momentum_0.0072,9.76,,,,,
2026-04-24T11:08:56.177356,DECISION,REGI,BUY,,,score_9.8_momentum_0.0072,9.76,,,,,
2026-04-24T11:08:56.205308,RISK_CHECK,REGI,,50,136.48,approved,,,,,,
2026-04-24T11:08:56.234319,EXECUTION,REGI,,50,136.48,,,16454.5,9630.5,100000.0,0.0,0.0
2026-04-24T11:08:56.256534,SIGNAL,ZM,,,,score_9.4_momentum_0.0072,9.44,,,,,
2026-04-24T11:08:56.280284,DECISION,ZM,BUY,,,score_9.4_momentum_0.0072,9.44,,,,,
2026-04-24T11:08:56.309386,RISK_CHECK,ZM,,50,281.14,insufficient_cash,,,,,,
2026-04-24T11:08:56.736219,PORTFOLIO_UPDATE,,,,,,,,,,,
2026-04-24T11:08:58.722362,SIGNAL,NXPI,,,,score_8.9_momentum_0.0047,8.87,,,,,
2026-04-24T11:08:58.749583,DECISION,NXPI,BUY,,,score_8.9_momentum_0.0047,8.87,,,,,
2026-04-24T11:08:58.773028,RISK_CHECK,NXPI,,50,175.11,approved,,,,,,
2026-04-24T11:08:58.797026,EXECUTION,NXPI,,50,175.11,,,9630.5,875.0,100000.0,0.0,0.0
2026-04-24T11:08:58.827756,SIGNAL,AVGO,,,,score_8.8_momentum_0.0034,8.79,,,,,
2026-04-24T11:08:58.852035,DECISION,AVGO,BUY,,,score_8.8_momentum_0.0034,8.79,,,,,
2026-04-24T11:08:58.876348,RISK_CHECK,AVGO,,50,108.87,insufficient_cash,,,,,,
2026-04-24T11:08:59.183062,PORTFOLIO_UPDATE,,,,,,,,,,,
2026-04-24T11:09:01.761203,SIGNAL,AVGO,,,,score_10.7_momentum_0.0105,10.72,,,,,
2026-04-24T11:09:01.803104,DECISION,AVGO,BUY,,,score_10.7_momentum_0.0105,10.72,,,,,
2026-04-24T11:09:01.840136,RISK_CHECK,AVGO,,50,109.71,insufficient_cash,,,,,,
2026-04-24T11:09:01.864857,SIGNAL,MSFT,,,,score_9.4_momentum_0.0078,9.41,,,,,
2026-04-24T11:09:01.887473,DECISION,MSFT,BUY,,,score_9.4_momentum_0.0078,9.41,,,,,
2026-04-24T11:09:01.917732,RISK_CHECK,MSFT,,50,154.92,insufficient_cash,,,,,,
2026-04-24T11:09:02.193852,PORTFOLIO_UPDATE,,,,,,,,,,,
2026-04-24T11:09:04.742778,SIGNAL,AVGO,,,,score_9.2_momentum_0.0027,9.25,,,,,
2026-04-24T11:09:04.767821,DECISION,AVGO,BUY,,,score_9.2_momentum_0.0027,9.25,,,,,
2026-04-24T11:09:04.792127,RISK_CHECK,AVGO,,50,109.74,insufficient_cash,,,,,,
2026-04-24T11:09:05.094844,PORTFOLIO_UPDATE,,,,,,,,,,,
2026-04-24T11:09:08.038577,PORTFOLIO_UPDATE,,,,,,,,,,,
2026-04-24T11:09:10.773549,SIGNAL,OKTA,,,,score_10.8_momentum_0.0039,10.82,,,,,
2026-04-24T11:09:10.827608,DECISION,OKTA,BUY,,,score_10.8_momentum_0.0039,10.82,,,,,
2026-04-24T11:09:10.924820,RISK_CHECK,OKTA,,50,377.05,insufficient_cash,,,,,,
2026-04-24T11:09:11.000571,SIGNAL,ONTO,,,,score_10.5_momentum_0.0095,10.48,,,,,
2026-04-24T11:09:11.054428,DECISION,ONTO,BUY,,,score_10.5_momentum_0.0095,10.48,,,,,
2026-04-24T11:09:11.114793,RISK_CHECK,ONTO,,50,239.15,insufficient_cash,,,,,,
2026-04-24T11:09:11.498407,PORTFOLIO_UPDATE,,,,,,,,,,,
2026-04-24T11:09:13.777521,SIGNAL,ORCL,,,,score_13.0_momentum_0.0104,13.0,,,,,
2026-04-24T11:09:13.803710,DECISION,ORCL,BUY,,,score_13.0_momentum_0.0104,13.0,,,,,
2026-04-24T11:09:13.829989,RISK_CHECK,ORCL,,50,421.23,insufficient_cash,,,,,,
2026-04-24T11:09:13.855074,SIGNAL,OKTA,,,,score_9.6_momentum_0.0040,9.63,,,,,
2026-04-24T11:09:13.881431,DECISION,OKTA,BUY,,,score_9.6_momentum_0.0040,9.63,,,,,
2026-04-24T11:09:13.910683,RISK_CHECK,OKTA,,50,378.93,insufficient_cash,,,,,,
2026-04-24T11:09:14.252804,PORTFOLIO_UPDATE,,,,,,,,,,,
2026-04-24T11:09:16.780557,SIGNAL,RIVN,,,,score_12.0_momentum_0.0185,12.0,,,,,
2026-04-24T11:09:16.807951,DECISION,RIVN,BUY,,,score_12.0_momentum_0.0185,12.0,,,,,
2026-04-24T11:09:16.839566,RISK_CHECK,RIVN,,50,399.53,insufficient_cash,,,,,,
2026-04-24T11:09:16.865123,SIGNAL,ORCL,,,,score_10.4_momentum_0.0050,10.4,,,,,
2026-04-24T11:09:16.889047,DECISION,ORCL,BUY,,,score_10.4_momentum_0.0050,10.4,,,,,
2026-04-24T11:09:16.919700,RISK_CHECK,ORCL,,50,423.64,insufficient_cash,,,,,,
2026-04-24T11:09:16.945217,SIGNAL,S,,,,score_9.8_momentum_0.0044,9.76,,,,,
2026-04-24T11:09:16.968886,DECISION,S,BUY,,,score_9.8_momentum_0.0044,9.76,,,,,
2026-04-24T11:09:17.002234,RISK_CHECK,S,,50,263.66,insufficient_cash,,,,,,
2026-04-24T11:09:17.346438,PORTFOLIO_UPDATE,,,,,,,,,,,
2026-04-24T11:09:20.066672,PORTFOLIO_UPDATE,,,,,,,,,,,
2026-04-24T11:09:23.140944,PORTFOLIO_UPDATE,,,,,,,,,,,
2026-04-24T11:09:25.834599,SIGNAL,CHRW,,,,score_11.2_momentum_0.0063,11.16,,,,,
2026-04-24T11:09:25.860977,DECISION,CHRW,BUY,,,score_11.2_momentum_0.0063,11.16,,,,,
2026-04-24T11:09:25.886642,RISK_CHECK,CHRW,,50,389.54,insufficient_cash,,,,,,
2026-04-24T11:09:25.915158,SIGNAL,CDNS,,,,score_10.8_momentum_0.0082,10.81,,,,,
2026-04-24T11:09:25.944233,DECISION,CDNS,BUY,,,score_10.8_momentum_0.0082,10.81,,,,,
2026-04-24T11:09:25.970016,RISK_CHECK,CDNS,,50,436.85,insufficient_cash,,,,,,
2026-04-24T11:09:25.993970,SIGNAL,PLYA,,,,score_8.9_momentum_0.0081,8.87,,,,,
2026-04-24T11:09:26.024929,DECISION,PLYA,BUY,,,score_8.9_momentum_0.0081,8.87,,,,,
2026-04-24T11:09:26.051118,RISK_CHECK,PLYA,,50,154.69,insufficient_cash,,,,,,
2026-04-24T11:09:26.078441,SIGNAL,RBLX,,,,score_8.8_momentum_0.0031,8.75,,,,,
2026-04-24T11:09:26.103909,DECISION,RBLX,BUY,,,score_8.8_momentum_0.0031,8.75,,,,,
2026-04-24T11:09:26.138573,RISK_CHECK,RBLX,,50,498.66,insufficient_cash,,,,,,
2026-04-24T11:09:26.752002,PORTFOLIO_UPDATE,,,,,,,,,,,
2026-04-24T11:09:28.898230,SIGNAL,CHRW,,,,score_10.8_momentum_0.0045,10.76,,,,,
2026-04-24T11:09:28.939211,DECISION,CHRW,BUY,,,score_10.8_momentum_0.0045,10.76,,,,,
2026-04-24T11:09:28.982484,RISK_CHECK,CHRW,,50,391.53,insufficient_cash,,,,,,
2026-04-24T11:09:29.369223,PORTFOLIO_UPDATE,,,,,,,,,,,
2026-04-24T11:09:31.971706,SIGNAL,AAPL,,,,score_13.5_momentum_0.0092,13.53,,,,,
2026-04-24T11:09:31.998762,DECISION,AAPL,BUY,,,score_13.5_momentum_0.0092,13.53,,,,,
2026-04-24T11:09:32.032650,RISK_CHECK,AAPL,,50,182.14,insufficient_cash,,,,,,
2026-04-24T11:09:32.062159,SIGNAL,OKTA,,,,score_11.5_momentum_0.0116,11.5,,,,,
2026-04-24T11:09:32.090866,DECISION,OKTA,BUY,,,score_11.5_momentum_0.0116,11.5,,,,,
2026-04-24T11:09:32.123300,RISK_CHECK,OKTA,,50,383.65,insufficient_cash,,,,,,
2026-04-24T11:09:32.149674,SIGNAL,CSCO,,,,score_10.1_momentum_0.0061,10.06,,,,,
2026-04-24T11:09:32.174370,DECISION,CSCO,BUY,,,score_10.1_momentum_0.0061,10.06,,,,,
2026-04-24T11:09:32.201323,RISK_CHECK,CSCO,,50,287.12,insufficient_cash,,,,,,
2026-04-24T11:09:32.235060,SIGNAL,AMZN,,,,score_8.7_momentum_0.0045,8.74,,,,,
2026-04-24T11:09:32.260265,DECISION,AMZN,BUY,,,score_8.7_momentum_0.0045,8.74,,,,,
2026-04-24T11:09:32.288430,RISK_CHECK,AMZN,,50,322.81,insufficient_cash,,,,,,
2026-04-24T11:09:32.664082,PORTFOLIO_UPDATE,,,,,,,,,,,
2026-04-24T11:09:35.213587,SIGNAL,IBM,,,,score_9.6_momentum_0.0087,9.59,,,,,
2026-04-24T11:09:35.244101,DECISION,IBM,BUY,,,score_9.6_momentum_0.0087,9.59,,,,,
2026-04-24T11:09:35.270523,RISK_CHECK,IBM,,50,298.05,insufficient_cash,,,,,,
2026-04-24T11:09:35.297883,SIGNAL,OKTA,,,,score_8.9_momentum_0.0015,8.91,,,,,
2026-04-24T11:09:35.330306,DECISION,OKTA,BUY,,,score_8.9_momentum_0.0015,8.91,,,,,
2026-04-24T11:09:35.365165,RISK_CHECK,OKTA,,50,384.1,insufficient_cash,,,,,,
2026-04-24T11:09:35.718498,PORTFOLIO_UPDATE,,,,,,,,,,,
2026-04-24T11:09:37.866169,SIGNAL,CLSK,,,,score_11.6_momentum_0.0058,11.64,,,,,
2026-04-24T11:09:37.893394,DECISION,CLSK,BUY,,,score_11.6_momentum_0.0058,11.64,,,,,
2026-04-24T11:09:37.927282,RISK_CHECK,CLSK,,50,395.74,insufficient_cash,,,,,,
2026-04-24T11:09:37.958028,SIGNAL,AAPL,,,,score_10.1_momentum_0.0040,10.14,,,,,
2026-04-24T11:09:37.983858,DECISION,AAPL,BUY,,,score_10.1_momentum_0.0040,10.14,,,,,
2026-04-24T11:09:38.015816,RISK_CHECK,AAPL,,50,181.98,insufficient_cash,,,,,,
2026-04-24T11:09:38.072268,SIGNAL,BIDU,,,,score_10.0_momentum_0.0069,9.97,,,,,
2026-04-24T11:09:38.133402,DECISION,BIDU,BUY,,,score_10.0_momentum_0.0069,9.97,,,,,
2026-04-24T11:09:38.173007,RISK_CHECK,BIDU,,50,301.5,insufficient_cash,,,,,,
2026-04-24T11:09:38.228982,SIGNAL,IBM,,,,score_9.2_momentum_0.0023,9.15,,,,,
2026-04-24T11:09:38.257289,DECISION,IBM,BUY,,,score_9.2_momentum_0.0023,9.15,,,,,
2026-04-24T11:09:38.285695,RISK_CHECK,IBM,,50,298.61,insufficient_cash,,,,,,
2026-04-24T11:09:38.315279,SIGNAL,PINS,,,,score_9.0_momentum_0.0051,9.01,,,,,
2026-04-24T11:09:38.348213,DECISION,PINS,BUY,,,score_9.0_momentum_0.0051,9.01,,,,,
2026-04-24T11:09:38.376066,RISK_CHECK,PINS,,50,217.15,insufficient_cash,,,,,,
2026-04-24T11:09:38.723523,PORTFOLIO_UPDATE,,,,,,,,,,,
2026-04-24T11:09:40.871492,SIGNAL,HD,,,,score_12.5_momentum_0.0087,12.5,,,,,
2026-04-24T11:09:40.899338,DECISION,HD,BUY,,,score_12.5_momentum_0.0087,12.5,,,,,
2026-04-24T11:09:40.932484,RISK_CHECK,HD,,50,413.13,insufficient_cash,,,,,,
2026-04-24T11:09:40.962397,SIGNAL,CLSK,,,,score_12.0_momentum_0.0081,12.01,,,,,
2026-04-24T11:09:40.988904,DECISION,CLSK,BUY,,,score_12.0_momentum_0.0081,12.01,,,,,
2026-04-24T11:09:41.022218,RISK_CHECK,CLSK,,50,398.16,insufficient_cash,,,,,,
2026-04-24T11:09:41.048434,SIGNAL,VRSN,,,,score_dropped_12.0_momentum_-0.0170,12.0,,,,,
2026-04-24T11:09:41.079384,DECISION,VRSN,SELL,,,score_dropped_12.0_momentum_-0.0170,12.0,,,,,
2026-04-24T11:09:41.108650,RISK_CHECK,VRSN,,50,97.12,approved,,,,,,
2026-04-24T11:09:41.144474,EXECUTION,VRSN,,-50,97.12,,,875.0,5731.0,99855.5,-144.5,0.0
2026-04-24T11:09:41.174946,SIGNAL,NVDA,,,,score_dropped_10.5_momentum_-0.0046,10.52,,,,,
2026-04-24T11:09:41.208804,DECISION,NVDA,SELL,,,score_dropped_10.5_momentum_-0.0046,10.52,,,,,
2026-04-24T11:09:41.244430,RISK_CHECK,NVDA,,50,431.93,approved,,,,,,
2026-04-24T11:09:41.272343,EXECUTION,NVDA,,-50,431.93,,,5731.0,27327.5,99573.0,-427.0,0.0
2026-04-24T11:09:41.310597,SIGNAL,IBM,,,,score_10.2_momentum_0.0035,10.22,,,,,
2026-04-24T11:09:41.388310,DECISION,IBM,BUY,,,score_10.2_momentum_0.0035,10.22,,,,,
2026-04-24T11:09:41.456293,RISK_CHECK,IBM,,50,299.59,total_exposure_exceeds_limit,,,,,,
2026-04-24T11:09:42.071094,PORTFOLIO_UPDATE,,,,,,,,,,,
2026-04-24T11:09:43.904909,SIGNAL,HD,,,,score_10.0_momentum_0.0013,10.02,,,,,
2026-04-24T11:09:43.944161,DECISION,HD,BUY,,,score_10.0_momentum_0.0013,10.02,,,,,
2026-04-24T11:09:43.974387,RISK_CHECK,HD,,50,413.69,total_exposure_exceeds_limit,,,,,,
2026-04-24T11:09:44.353023,PORTFOLIO_UPDATE,,,,,,,,,,,
2026-04-24T11:09:47.137576,SIGNAL,PDD,,,,score_9.7_momentum_0.0029,9.7,,,,,
2026-04-24T11:09:47.199182,DECISION,PDD,BUY,,,score_9.7_momentum_0.0029,9.7,,,,,
2026-04-24T11:09:47.252870,RISK_CHECK,PDD,,50,129.83,approved,,,,,,
2026-04-24T11:09:47.281229,EXECUTION,PDD,,50,129.83,,,27327.5,20836.0,99573.0,-427.0,0.0
2026-04-24T11:09:47.309829,SIGNAL,SHOP,,,,score_9.5_momentum_0.0053,9.46,,,,,
2026-04-24T11:09:47.344541,DECISION,SHOP,BUY,,,score_9.5_momentum_0.0053,9.46,,,,,
2026-04-24T11:09:47.372393,RISK_CHECK,SHOP,,50,122.18,approved,,,,,,
2026-04-24T11:09:47.398314,EXECUTION,SHOP,,50,122.18,,,20836.0,14727.0,99573.0,-427.0,0.0
2026-04-24T11:09:47.435188,SIGNAL,XPO,,,,score_8.4_momentum_0.0049,8.42,,,,,
2026-04-24T11:09:47.465862,DECISION,XPO,BUY,,,score_8.4_momentum_0.0049,8.42,,,,,
2026-04-24T11:09:47.493475,RISK_CHECK,XPO,,50,353.13,insufficient_cash,,,,,,
2026-04-24T11:09:47.987053,PORTFOLIO_UPDATE,,,,,,,,,,,
2026-04-24T11:09:49.890890,SIGNAL,LCID,,,,score_9.6_momentum_0.0062,9.57,,,,,
2026-04-24T11:09:49.926757,DECISION,LCID,BUY,,,score_9.6_momentum_0.0062,9.57,,,,,
2026-04-24T11:09:49.954883,RISK_CHECK,LCID,,50,200.24,total_exposure_exceeds_limit,,,,,,
2026-04-24T11:09:50.310451,PORTFOLIO_UPDATE,,,,,,,,,,,
2026-04-24T11:09:52.956312,SIGNAL,WMT,,,,score_9.4_momentum_0.0076,9.45,,,,,
2026-04-24T11:09:52.985652,DECISION,WMT,BUY,,,score_9.4_momentum_0.0076,9.45,,,,,
2026-04-24T11:09:53.018097,RISK_CHECK,WMT,,50,295.89,insufficient_cash,,,,,,
2026-04-24T11:09:53.372769,PORTFOLIO_UPDATE,,,,,,,,,,,
2026-04-24T11:09:55.942411,SIGNAL,OKTA,,,,score_9.9_momentum_0.0070,9.93,,,,,
2026-04-24T11:09:55.980960,DECISION,OKTA,BUY,,,score_9.9_momentum_0.0070,9.93,,,,,
2026-04-24T11:09:56.024362,RISK_CHECK,OKTA,,50,389.02,insufficient_cash,,,,,,
2026-04-24T11:09:56.395466,PORTFOLIO_UPDATE,,,,,,,,,,,
2026-04-24T11:09:58.960732,SIGNAL,OKTA,,,,score_9.2_momentum_0.0018,9.24,,,,,
2026-04-24T11:09:58.990431,DECISION,OKTA,BUY,,,score_9.2_momentum_0.0018,9.24,,,,,
2026-04-24T11:09:59.025567,RISK_CHECK,OKTA,,50,389.28,insufficient_cash,,,,,,
2026-04-24T11:09:59.054411,SIGNAL,XPev,,,,score_8.3_momentum_0.0017,8.3,,,,,
2026-04-24T11:09:59.121894,DECISION,XPev,BUY,,,score_8.3_momentum_0.0017,8.3,,,,,
2026-04-24T11:09:59.158249,RISK_CHECK,XPev,,50,241.12,total_exposure_exceeds_limit,,,,,,
2026-04-24T11:09:59.520668,PORTFOLIO_UPDATE,,,,,,,,,,,
2026-04-24T11:10:01.969152,SIGNAL,NEWR,,,,score_11.1_momentum_0.0044,11.05,,,,,
2026-04-24T11:10:02.026049,DECISION,NEWR,BUY,,,score_11.1_momentum_0.0044,11.05,,,,,
2026-04-24T11:10:02.080034,RISK_CHECK,NEWR,,50,348.86,insufficient_cash,,,,,,
2026-04-24T11:10:02.138092,SIGNAL,OKTA,,,,score_10.4_momentum_0.0069,10.4,,,,,
2026-04-24T11:10:02.218148,DECISION,OKTA,BUY,,,score_10.4_momentum_0.0069,10.4,,,,,
2026-04-24T11:10:02.343518,RISK_CHECK,OKTA,,50,392.43,insufficient_cash,,,,,,
2026-04-24T11:10:02.441045,SIGNAL,COIN,,,,score_10.0_momentum_0.0091,9.96,,,,,
2026-04-24T11:10:02.499177,DECISION,COIN,BUY,,,score_10.0_momentum_0.0091,9.96,,,,,
2026-04-24T11:10:02.627969,RISK_CHECK,COIN,,50,506.71,insufficient_cash,,,,,,
2026-04-24T11:10:03.060971,PORTFOLIO_UPDATE,,,,,,,,,,,
2026-04-24T11:10:04.932228,SIGNAL,OKTA,,,,score_11.0_momentum_0.0027,11.02,,,,,
2026-04-24T11:10:04.967508,DECISION,OKTA,BUY,,,score_11.0_momentum_0.0027,11.02,,,,,
2026-04-24T11:10:04.997777,RISK_CHECK,OKTA,,50,393.33,insufficient_cash,,,,,,
2026-04-24T11:10:05.395435,PORTFOLIO_UPDATE,,,,,,,,,,,
2026-04-24T11:10:08.120258,SIGNAL,PG,,,,score_9.8_momentum_0.0019,9.75,,,,,
2026-04-24T11:10:08.170703,DECISION,PG,BUY,,,score_9.8_momentum_0.0019,9.75,,,,,
2026-04-24T11:10:08.235362,RISK_CHECK,PG,,50,179.95,total_exposure_exceeds_limit,,,,,,
2026-04-24T11:10:08.284596,SIGNAL,PLYA,,,,score_9.4_momentum_0.0054,9.43,,,,,
2026-04-24T11:10:08.336989,DECISION,PLYA,BUY,,,score_9.4_momentum_0.0054,9.43,,,,,
2026-04-24T11:10:08.385848,RISK_CHECK,PLYA,,50,156.13,approved,,,,,,
2026-04-24T11:10:08.434975,EXECUTION,PLYA,,50,156.13,,,14727.0,6920.5,99573.0,-427.0,0.0
2026-04-24T11:10:08.468548,SIGNAL,OKTA,,,,score_9.1_momentum_0.0075,9.14,,,,,
2026-04-24T11:10:08.497998,DECISION,OKTA,BUY,,,score_9.1_momentum_0.0075,9.14,,,,,
2026-04-24T11:10:08.535168,RISK_CHECK,OKTA,,50,394.53,insufficient_cash,,,,,,
2026-04-24T11:10:08.902811,PORTFOLIO_UPDATE,,,,,,,,,,,
2026-04-24T11:10:11.031692,SIGNAL,KLA,,,,score_11.4_momentum_0.0087,11.44,,,,,
2026-04-24T11:10:11.062381,DECISION,KLA,BUY,,,score_11.4_momentum_0.0087,11.44,,,,,
2026-04-24T11:10:11.092148,RISK_CHECK,KLA,,50,374.07,insufficient_cash,,,,,,
2026-04-24T11:10:11.128752,SIGNAL,SNOW,,,,score_10.7_momentum_0.0083,10.69,,,,,
2026-04-24T11:10:11.158486,DECISION,SNOW,BUY,,,score_10.7_momentum_0.0083,10.69,,,,,
2026-04-24T11:10:11.190197,RISK_CHECK,SNOW,,50,205.31,insufficient_cash,,,,,,
2026-04-24T11:10:11.228338,SIGNAL,PG,,,,score_7.7_momentum_0.0011,7.65,,,,,
2026-04-24T11:10:11.259066,DECISION,PG,BUY,,,score_7.7_momentum_0.0011,7.65,,,,,
2026-04-24T11:10:11.290803,RISK_CHECK,PG,,50,179.9,insufficient_cash,,,,,,
2026-04-24T11:10:11.695569,PORTFOLIO_UPDATE,,,,,,,,,,,
2026-04-24T11:10:14.186718,SIGNAL,IBM,,,,score_11.7_momentum_0.0066,11.72,,,,,
2026-04-24T11:10:14.227637,DECISION,IBM,BUY,,,score_11.7_momentum_0.0066,11.72,,,,,
2026-04-24T11:10:14.273678,RISK_CHECK,IBM,,50,301.86,insufficient_cash,,,,,,
2026-04-24T11:10:14.302289,SIGNAL,ETSY,,,,score_9.3_momentum_0.0060,9.27,,,,,
2026-04-24T11:10:14.343690,DECISION,ETSY,BUY,,,score_9.3_momentum_0.0060,9.27,,,,,
2026-04-24T11:10:14.376364,RISK_CHECK,ETSY,,50,453.64,insufficient_cash,,,,,,
2026-04-24T11:10:14.793696,PORTFOLIO_UPDATE,,,,,,,,,,,
2026-04-24T11:10:17.063329,SIGNAL,IBM,,,,score_10.9_momentum_0.0085,10.86,,,,,
2026-04-24T11:10:17.094461,DECISION,IBM,BUY,,,score_10.9_momentum_0.0085,10.86,,,,,
2026-04-24T11:10:17.133022,RISK_CHECK,IBM,,50,304.34,insufficient_cash,,,,,,
2026-04-24T11:10:17.164155,SIGNAL,OKTA,,,,score_10.8_momentum_0.0074,10.8,,,,,
2026-04-24T11:10:17.192907,DECISION,OKTA,BUY,,,score_10.8_momentum_0.0074,10.8,,,,,
2026-04-24T11:10:17.230124,RISK_CHECK,OKTA,,50,397.38,insufficient_cash,,,,,,
2026-04-24T11:10:17.258213,SIGNAL,BA,,,,score_10.6_momentum_0.0071,10.62,,,,,
2026-04-24T11:10:17.293680,DECISION,BA,BUY,,,score_10.6_momentum_0.0071,10.62,,,,,
2026-04-24T11:10:17.332484,RISK_CHECK,BA,,50,113.89,approved,,,,,,
2026-04-24T11:10:17.364744,EXECUTION,BA,,50,113.89,,,6920.5,1226.0,99573.0,-427.0,0.0
2026-04-24T11:10:17.394126,SIGNAL,PIN,,,,score_9.4_momentum_0.0032,9.42,,,,,
2026-04-24T11:10:17.432977,DECISION,PIN,BUY,,,score_9.4_momentum_0.0032,9.42,,,,,
2026-04-24T11:10:17.465213,RISK_CHECK,PIN,,50,342.15,insufficient_cash,,,,,,
2026-04-24T11:10:18.117627,PORTFOLIO_UPDATE,,,,,,,,,,,
2026-04-24T11:10:20.524992,PORTFOLIO_UPDATE,,,,,,,,,,,
2026-04-24T11:10:23.271718,SIGNAL,CLSK,,,,score_10.1_momentum_0.0049,10.14,,,,,
2026-04-24T11:10:23.327040,DECISION,CLSK,BUY,,,score_10.1_momentum_0.0049,10.14,,,,,
2026-04-24T11:10:23.412883,RISK_CHECK,CLSK,,50,401.62,insufficient_cash,,,,,,
2026-04-24T11:10:23.537593,SIGNAL,CRM,,,,score_9.6_momentum_0.0060,9.6,,,,,
2026-04-24T11:10:23.609108,DECISION,CRM,BUY,,,score_9.6_momentum_0.0060,9.6,,,,,
2026-04-24T11:10:23.682613,RISK_CHECK,CRM,,50,197.91,insufficient_cash,,,,,,
2026-04-24T11:10:23.733971,SIGNAL,U,,,,score_9.2_momentum_0.0083,9.17,,,,,
2026-04-24T11:10:23.766925,DECISION,U,BUY,,,score_9.2_momentum_0.0083,9.17,,,,,
2026-04-24T11:10:23.799656,RISK_CHECK,U,,50,379.62,insufficient_cash,,,,,,
2026-04-24T11:10:24.274582,PORTFOLIO_UPDATE,,,,,,,,,,,
2026-04-24T11:10:26.627877,SIGNAL,MARA,,,,score_10.4_momentum_0.0039,10.38,,,,,
2026-04-24T11:10:26.666707,DECISION,MARA,BUY,,,score_10.4_momentum_0.0039,10.38,,,,,
2026-04-24T11:10:26.698727,RISK_CHECK,MARA,,50,537.16,insufficient_cash,,,,,,
2026-04-24T11:10:26.743448,SIGNAL,CRM,,,,score_8.8_momentum_0.0052,8.81,,,,,
2026-04-24T11:10:26.820931,DECISION,CRM,BUY,,,score_8.8_momentum_0.0052,8.81,,,,,
2026-04-24T11:10:26.913585,RISK_CHECK,CRM,,50,198.01,insufficient_cash,,,,,,
2026-04-24T11:10:27.342064,PORTFOLIO_UPDATE,,,,,,,,,,,
2026-04-24T11:10:29.060193,SIGNAL,CRWD,,,,score_11.8_momentum_0.0083,11.78,,,,,
2026-04-24T11:10:29.140384,DECISION,CRWD,BUY,,,score_11.8_momentum_0.0083,11.78,,,,,
2026-04-24T11:10:29.171714,RISK_CHECK,CRWD,,50,149.82,insufficient_cash,,,,,,
2026-04-24T11:10:29.204512,SIGNAL,NXPI,,,,score_dropped_10.6_momentum_-0.0092,10.64,,,,,
2026-04-24T11:10:29.260578,DECISION,NXPI,SELL,,,score_dropped_10.6_momentum_-0.0092,10.64,,,,,
2026-04-24T11:10:29.309299,RISK_CHECK,NXPI,,50,169.9,approved,,,,,,
2026-04-24T11:10:29.347094,EXECUTION,NXPI,,-50,169.9,,,1226.0,9721.0,99312.5,-687.5,0.0
2026-04-24T11:10:29.748933,PORTFOLIO_UPDATE,,,,,,,,,,,
2026-04-24T11:10:32.065177,SIGNAL,ACN,,,,score_10.9_momentum_0.0070,10.92,,,,,
2026-04-24T11:10:32.099418,DECISION,ACN,BUY,,,score_10.9_momentum_0.0070,10.92,,,,,
2026-04-24T11:10:32.139442,RISK_CHECK,ACN,,50,517.14,insufficient_cash,,,,,,
2026-04-24T11:10:32.177874,SIGNAL,CLSK,,,,score_10.8_momentum_0.0012,10.76,,,,,
2026-04-24T11:10:32.214990,DECISION,CLSK,BUY,,,score_10.8_momentum_0.0012,10.76,,,,,
2026-04-24T11:10:32.249967,RISK_CHECK,CLSK,,50,402.08,insufficient_cash,,,,,,
2026-04-24T11:10:32.279323,SIGNAL,CRWD,,,,score_10.1_momentum_0.0053,10.06,,,,,
2026-04-24T11:10:32.315739,DECISION,CRWD,BUY,,,score_10.1_momentum_0.0053,10.06,,,,,
2026-04-24T11:10:32.352043,RISK_CHECK,CRWD,,50,150.44,total_exposure_exceeds_limit,,,,,,
2026-04-24T11:10:32.835891,PORTFOLIO_UPDATE,,,,,,,,,,,
2026-04-24T11:10:35.021134,SIGNAL,JNJ,,,,score_10.9_momentum_0.0088,10.91,,,,,
2026-04-24T11:10:35.069325,DECISION,JNJ,BUY,,,score_10.9_momentum_0.0088,10.91,,,,,
2026-04-24T11:10:35.132749,RISK_CHECK,JNJ,,50,227.35,insufficient_cash,,,,,,
2026-04-24T11:10:35.571836,PORTFOLIO_UPDATE,,,,,,,,,,,
2026-04-24T11:10:38.024437,SIGNAL,JNJ,,,,score_9.1_momentum_0.0015,9.14,,,,,
2026-04-24T11:10:38.060493,DECISION,JNJ,BUY,,,score_9.1_momentum_0.0015,9.14,,,,,
2026-04-24T11:10:38.092066,RISK_CHECK,JNJ,,50,227.51,insufficient_cash,,,,,,
2026-04-24T11:10:38.135068,SIGNAL,CRWD,,,,score_9.1_momentum_0.0041,9.12,,,,,
2026-04-24T11:10:38.166282,DECISION,CRWD,BUY,,,score_9.1_momentum_0.0041,9.12,,,,,
2026-04-24T11:10:38.200596,RISK_CHECK,CRWD,,50,150.54,total_exposure_exceeds_limit,,,,,,
2026-04-24T11:10:38.242039,SIGNAL,PYPL,,,,score_8.7_momentum_0.0046,8.74,,,,,
2026-04-24T11:10:38.272900,DECISION,PYPL,BUY,,,score_8.7_momentum_0.0046,8.74,,,,,
2026-04-24T11:10:38.335781,RISK_CHECK,PYPL,,50,396.37,insufficient_cash,,,,,,
2026-04-24T11:10:38.425892,SIGNAL,NEWR,,,,score_8.7_momentum_0.0055,8.66,,,,,
2026-04-24T11:10:38.542159,DECISION,NEWR,BUY,,,score_8.7_momentum_0.0055,8.66,,,,,
2026-04-24T11:10:38.642029,RISK_CHECK,NEWR,,50,350.65,insufficient_cash,,,,,,
2026-04-24T11:10:38.764832,SIGNAL,PIN,,,,score_8.5_momentum_0.0022,8.54,,,,,
2026-04-24T11:10:38.864719,DECISION,PIN,BUY,,,score_8.5_momentum_0.0022,8.54,,,,,
2026-04-24T11:10:38.986164,RISK_CHECK,PIN,,50,345.32,insufficient_cash,,,,,,
2026-04-24T11:10:39.502152,PORTFOLIO_UPDATE,,,,,,,,,,,
2026-04-24T11:10:41.069792,SIGNAL,JNJ,,,,score_10.7_momentum_0.0036,10.74,,,,,
2026-04-24T11:10:41.104000,DECISION,JNJ,BUY,,,score_10.7_momentum_0.0036,10.74,,,,,
2026-04-24T11:10:41.200412,RISK_CHECK,JNJ,,50,228.49,insufficient_cash,,,,,,
2026-04-24T11:10:41.278579,SIGNAL,NEWR,,,,score_10.7_momentum_0.0015,10.67,,,,,
2026-04-24T11:10:41.320108,DECISION,NEWR,BUY,,,score_10.7_momentum_0.0015,10.67,,,,,
2026-04-24T11:10:41.367708,RISK_CHECK,NEWR,,50,351.09,insufficient_cash,,,,,,
2026-04-24T11:10:41.875336,PORTFOLIO_UPDATE,,,,,,,,,,,
2026-04-24T11:10:44.318253,SIGNAL,JNJ,,,,score_11.7_momentum_0.0085,11.74,,,,,
2026-04-24T11:10:44.355005,DECISION,JNJ,BUY,,,score_11.7_momentum_0.0085,11.74,,,,,
2026-04-24T11:10:44.387161,RISK_CHECK,JNJ,,50,229.52,insufficient_cash,,,,,,
2026-04-24T11:10:44.851834,PORTFOLIO_UPDATE,,,,,,,,,,,
2026-04-24T11:10:47.186249,SIGNAL,MSFT,,,,score_13.0_momentum_0.0134,13.0,,,,,
2026-04-24T11:10:47.262405,DECISION,MSFT,BUY,,,score_13.0_momentum_0.0134,13.0,,,,,
2026-04-24T11:10:47.317224,RISK_CHECK,MSFT,,50,156.73,total_exposure_exceeds_limit,,,,,,
2026-04-24T11:10:47.377239,SIGNAL,JNJ,,,,score_10.6_momentum_0.0034,10.63,,,,,
2026-04-24T11:10:47.436513,DECISION,JNJ,BUY,,,score_10.6_momentum_0.0034,10.63,,,,,
2026-04-24T11:10:47.480627,RISK_CHECK,JNJ,,50,230.02,insufficient_cash,,,,,,
2026-04-24T11:10:47.516692,SIGNAL,TWTR,,,,score_9.4_momentum_0.0025,9.37,,,,,
2026-04-24T11:10:47.551053,DECISION,TWTR,BUY,,,score_9.4_momentum_0.0025,9.37,,,,,
2026-04-24T11:10:47.586706,RISK_CHECK,TWTR,,50,448.94,insufficient_cash,,,,,,
2026-04-24T11:10:47.625618,SIGNAL,U,,,,score_8.4_momentum_0.0029,8.42,,,,,
2026-04-24T11:10:47.659763,DECISION,U,BUY,,,score_8.4_momentum_0.0029,8.42,,,,,
2026-04-24T11:10:47.693119,RISK_CHECK,U,,50,382.69,insufficient_cash,,,,,,
2026-04-24T11:10:48.400385,PORTFOLIO_UPDATE,,,,,,,,,,,
2026-04-24T11:10:50.057396,SIGNAL,MSFT,,,,score_12.2_momentum_0.0105,12.18,,,,,
2026-04-24T11:10:50.091338,DECISION,MSFT,BUY,,,score_12.2_momentum_0.0105,12.18,,,,,
2026-04-24T11:10:50.147350,RISK_CHECK,MSFT,,50,157.77,total_exposure_exceeds_limit,,,,,,
2026-04-24T11:10:50.178866,SIGNAL,AAPL,,,,score_11.6_momentum_0.0135,11.59,,,,,
2026-04-24T11:10:50.213940,DECISION,AAPL,BUY,,,score_11.6_momentum_0.0135,11.59,,,,,
2026-04-24T11:10:50.251223,RISK_CHECK,AAPL,,50,184.95,total_exposure_exceeds_limit,,,,,,
2026-04-24T11:10:50.291300,SIGNAL,ONTO,,,,score_10.4_momentum_0.0023,10.37,,,,,
2026-04-24T11:10:50.334526,DECISION,ONTO,BUY,,,score_10.4_momentum_0.0023,10.37,,,,,
2026-04-24T11:10:50.368717,RISK_CHECK,ONTO,,50,245.7,insufficient_cash,,,,,,
2026-04-24T11:10:50.400021,SIGNAL,JNJ,,,,score_10.2_momentum_0.0014,10.17,,,,,
2026-04-24T11:10:50.440747,DECISION,JNJ,BUY,,,score_10.2_momentum_0.0014,10.17,,,,,
2026-04-24T11:10:50.478455,RISK_CHECK,JNJ,,50,230.27,insufficient_cash,,,,,,
2026-04-24T11:10:50.517630,SIGNAL,PIN,,,,score_8.4_momentum_0.0081,8.41,,,,,
2026-04-24T11:10:50.553853,DECISION,PIN,BUY,,,score_8.4_momentum_0.0081,8.41,,,,,
2026-04-24T11:10:50.594231,RISK_CHECK,PIN,,50,347.71,insufficient_cash,,,,,,
2026-04-24T11:10:50.637856,SIGNAL,CDNS,,,,score_7.3_momentum_0.0034,7.34,,,,,
2026-04-24T11:10:50.694687,DECISION,CDNS,BUY,,,score_7.3_momentum_0.0034,7.34,,,,,
2026-04-24T11:10:50.753303,RISK_CHECK,CDNS,,50,417.82,insufficient_cash,,,,,,
2026-04-24T11:10:51.256166,PORTFOLIO_UPDATE,,,,,,,,,,,
2026-04-24T11:10:53.233636,SIGNAL,AAPL,,,,score_11.7_momentum_0.0124,11.7,,,,,
2026-04-24T11:10:53.279572,DECISION,AAPL,BUY,,,score_11.7_momentum_0.0124,11.7,,,,,
2026-04-24T11:10:53.320322,RISK_CHECK,AAPL,,50,185.17,total_exposure_exceeds_limit,,,,,,
2026-04-24T11:10:53.990560,PORTFOLIO_UPDATE,,,,,,,,,,,
2026-04-24T11:10:56.375642,SIGNAL,MSFT,,,,score_12.2_momentum_0.0057,12.19,,,,,
2026-04-24T11:10:56.416508,DECISION,MSFT,BUY,,,score_12.2_momentum_0.0057,12.19,,,,,
2026-04-24T11:10:56.456963,RISK_CHECK,MSFT,,50,158.08,total_exposure_exceeds_limit,,,,,,
2026-04-24T11:10:56.492318,SIGNAL,PINS,,,,score_11.0_momentum_0.0028,11.01,,,,,
2026-04-24T11:10:56.532471,DECISION,PINS,BUY,,,score_11.0_momentum_0.0028,11.01,,,,,
2026-04-24T11:10:56.568956,RISK_CHECK,PINS,,50,219.48,insufficient_cash,,,,,,
2026-04-24T11:10:57.179159,PORTFOLIO_UPDATE,,,,,,,,,,,
2026-04-24T11:10:59.480149,SIGNAL,TSLA,,,,score_11.6_momentum_0.0052,11.63,,,,,
2026-04-24T11:10:59.569930,DECISION,TSLA,BUY,,,score_11.6_momentum_0.0052,11.63,,,,,
2026-04-24T11:10:59.719944,RISK_CHECK,TSLA,,50,223.5,insufficient_cash,,,,,,
2026-04-24T11:11:00.495783,PORTFOLIO_UPDATE,,,,,,,,,,,
2026-04-24T11:11:02.089377,SIGNAL,TSLA,,,,score_11.5_momentum_0.0102,11.46,,,,,
2026-04-24T11:11:02.133039,DECISION,TSLA,BUY,,,score_11.5_momentum_0.0102,11.46,,,,,
2026-04-24T11:11:02.168187,RISK_CHECK,TSLA,,50,224.89,insufficient_cash,,,,,,
2026-04-24T11:11:02.201346,SIGNAL,PG,,,,score_10.7_momentum_0.0032,10.66,,,,,
2026-04-24T11:11:02.242285,DECISION,PG,BUY,,,score_10.7_momentum_0.0032,10.66,,,,,
2026-04-24T11:11:02.276606,RISK_CHECK,PG,,50,182.34,total_exposure_exceeds_limit,,,,,,
2026-04-24T11:11:02.312315,SIGNAL,TTD,,,,score_9.2_momentum_0.0026,9.17,,,,,
2026-04-24T11:11:02.351591,DECISION,TTD,BUY,,,score_9.2_momentum_0.0026,9.17,,,,,
2026-04-24T11:11:02.388163,RISK_CHECK,TTD,,50,134.21,approved,,,,,,
2026-04-24T11:11:02.429116,EXECUTION,TTD,,50,134.21,,,9721.0,3010.5,99312.5,-687.5,0.0
2026-04-24T11:11:02.461670,SIGNAL,MSFT,,,,score_9.1_momentum_0.0041,9.14,,,,,
2026-04-24T11:11:02.509990,DECISION,MSFT,BUY,,,score_9.1_momentum_0.0041,9.14,,,,,
2026-04-24T11:11:02.552215,RISK_CHECK,MSFT,,50,158.33,insufficient_cash,,,,,,
2026-04-24T11:11:03.122731,PORTFOLIO_UPDATE,,,,,,,,,,,
2026-04-24T11:11:05.145411,SIGNAL,TSLA,,,,score_12.2_momentum_0.0096,12.16,,,,,
2026-04-24T11:11:05.180828,DECISION,TSLA,BUY,,,score_12.2_momentum_0.0096,12.16,,,,,
2026-04-24T11:11:05.229945,RISK_CHECK,TSLA,,50,225.83,insufficient_cash,,,,,,
2026-04-24T11:11:05.264391,SIGNAL,TXN,,,,score_10.0_momentum_0.0048,10.02,,,,,
2026-04-24T11:11:05.298437,DECISION,TXN,BUY,,,score_10.0_momentum_0.0048,10.02,,,,,
2026-04-24T11:11:05.344836,RISK_CHECK,TXN,,50,252.78,insufficient_cash,,,,,,
2026-04-24T11:11:05.378207,SIGNAL,ASML,,,,score_dropped_9.2_momentum_-0.0077,9.22,,,,,
2026-04-24T11:11:05.415376,DECISION,ASML,SELL,,,score_dropped_9.2_momentum_-0.0077,9.22,,,,,
2026-04-24T11:11:05.457825,RISK_CHECK,ASML,,50,162.05,approved,,,,,,
2026-04-24T11:11:05.492131,EXECUTION,ASML,,-50,162.05,,,3010.5,11113.0,98923.0,-1077.0,0.0
2026-04-24T11:11:05.990992,PORTFOLIO_UPDATE,,,,,,,,,,,
2026-04-24T11:11:08.097964,SIGNAL,MSFT,,,,score_10.6_momentum_0.0063,10.64,,,,,
2026-04-24T11:11:08.142477,DECISION,MSFT,BUY,,,score_10.6_momentum_0.0063,10.64,,,,,
2026-04-24T11:11:08.179193,RISK_CHECK,MSFT,,50,159.16,total_exposure_exceeds_limit,,,,,,
2026-04-24T11:11:08.697109,PORTFOLIO_UPDATE,,,,,,,,,,,
2026-04-24T11:11:11.125451,SIGNAL,PG,,,,score_11.6_momentum_0.0123,11.64,,,,,
2026-04-24T11:11:11.161677,DECISION,PG,BUY,,,score_11.6_momentum_0.0123,11.64,,,,,
2026-04-24T11:11:11.197119,RISK_CHECK,PG,,50,185.05,total_exposure_exceeds_limit,,,,,,
2026-04-24T11:11:11.240493,SIGNAL,ADBE,,,,score_10.8_momentum_0.0085,10.83,,,,,
2026-04-24T11:11:11.274232,DECISION,ADBE,BUY,,,score_10.8_momentum_0.0085,10.83,,,,,
2026-04-24T11:11:11.312711,RISK_CHECK,ADBE,,50,474.31,insufficient_cash,,,,,,
2026-04-24T11:11:11.356884,SIGNAL,SNPS,,,,score_8.3_momentum_0.0017,8.31,,,,,
2026-04-24T11:11:11.390846,DECISION,SNPS,BUY,,,score_8.3_momentum_0.0017,8.31,,,,,
2026-04-24T11:11:11.433850,RISK_CHECK,SNPS,,50,350.58,insufficient_cash,,,,,,
2026-04-24T11:11:11.467617,SIGNAL,MSFT,,,,score_7.4_momentum_0.0012,7.42,,,,,
2026-04-24T11:11:11.501435,DECISION,MSFT,BUY,,,score_7.4_momentum_0.0012,7.42,,,,,
2026-04-24T11:11:11.546381,RISK_CHECK,MSFT,,50,158.46,total_exposure_exceeds_limit,,,,,,
2026-04-24T11:11:12.028196,PORTFOLIO_UPDATE,,,,,,,,,,,
2026-04-24T11:11:14.174554,SIGNAL,ADBE,,,,score_10.9_momentum_0.0038,10.89,,,,,
2026-04-24T11:11:14.216717,DECISION,ADBE,BUY,,,score_10.9_momentum_0.0038,10.89,,,,,
2026-04-24T11:11:14.256192,RISK_CHECK,ADBE,,50,475.48,insufficient_cash,,,,,,
2026-04-24T11:11:14.292831,SIGNAL,PG,,,,score_9.5_momentum_0.0017,9.52,,,,,
2026-04-24T11:11:14.375472,DECISION,PG,BUY,,,score_9.5_momentum_0.0017,9.52,,,,,
2026-04-24T11:11:14.423009,RISK_CHECK,PG,,50,184.84,total_exposure_exceeds_limit,,,,,,
2026-04-24T11:11:14.484039,SIGNAL,CRM,,,,score_8.7_momentum_0.0068,8.73,,,,,
2026-04-24T11:11:14.617070,DECISION,CRM,BUY,,,score_8.7_momentum_0.0068,8.73,,,,,
2026-04-24T11:11:14.735690,RISK_CHECK,CRM,,50,199.73,total_exposure_exceeds_limit,,,,,,
2026-04-24T11:11:15.511311,PORTFOLIO_UPDATE,,,,,,,,,,,
2026-04-24T11:11:17.221460,SIGNAL,SNPS,,,,score_9.8_momentum_0.0044,9.85,,,,,
2026-04-24T11:11:17.292341,DECISION,SNPS,BUY,,,score_9.8_momentum_0.0044,9.85,,,,,
2026-04-24T11:11:17.353786,RISK_CHECK,SNPS,,50,353.11,insufficient_cash,,,,,,
2026-04-24T11:11:17.389780,SIGNAL,MSFT,,,,score_9.1_momentum_0.0066,9.13,,,,,
2026-04-24T11:11:17.433351,DECISION,MSFT,BUY,,,score_9.1_momentum_0.0066,9.13,,,,,
2026-04-24T11:11:17.470419,RISK_CHECK,MSFT,,50,159.4,total_exposure_exceeds_limit,,,,,,
2026-04-24T11:11:17.507289,SIGNAL,PG,,,,score_8.3_momentum_0.0011,8.33,,,,,
2026-04-24T11:11:17.552295,DECISION,PG,BUY,,,score_8.3_momentum_0.0011,8.33,,,,,
2026-04-24T11:11:17.591662,RISK_CHECK,PG,,50,185.38,total_exposure_exceeds_limit,,,,,,
2026-04-24T11:11:17.636459,SIGNAL,NVDA,,,,score_8.3_momentum_0.0036,8.27,,,,,
2026-04-24T11:11:17.671178,DECISION,NVDA,BUY,,,score_8.3_momentum_0.0036,8.27,,,,,
2026-04-24T11:11:17.710442,RISK_CHECK,NVDA,,50,442.81,insufficient_cash,,,,,,
2026-04-24T11:11:18.212107,PORTFOLIO_UPDATE,,,,,,,,,,,
2026-04-24T11:11:21.131795,PORTFOLIO_UPDATE,,,,,,,,,,,
2026-04-24T11:11:23.154798,SIGNAL,ADBE,,,,score_9.0_momentum_0.0029,9.02,,,,,
2026-04-24T11:11:23.192510,DECISION,ADBE,BUY,,,score_9.0_momentum_0.0029,9.02,,,,,
2026-04-24T11:11:23.238856,RISK_CHECK,ADBE,,50,477.17,insufficient_cash,,,,,,
2026-04-24T11:11:23.273775,SIGNAL,CHRW,,,,score_7.7_momentum_0.0050,7.68,,,,,
2026-04-24T11:11:23.309746,DECISION,CHRW,BUY,,,score_7.7_momentum_0.0050,7.68,,,,,
2026-04-24T11:11:23.365319,RISK_CHECK,CHRW,,50,395.86,insufficient_cash,,,,,,
2026-04-24T11:11:23.402033,SIGNAL,SE,,,,score_dropped_7.7_momentum_-0.0041,7.67,,,,,
2026-04-24T11:11:23.447375,DECISION,SE,SELL,,,score_dropped_7.7_momentum_-0.0041,7.67,,,,,
2026-04-24T11:11:23.485769,RISK_CHECK,SE,,50,153.03,approved,,,,,,
2026-04-24T11:11:23.528719,EXECUTION,SE,,-50,153.03,,,11113.0,18764.5,99122.5,-877.5,0.0
2026-04-24T11:11:23.564792,SIGNAL,MRVL,,,,score_7.7_momentum_0.0091,7.66,,,,,
2026-04-24T11:11:23.609607,DECISION,MRVL,BUY,,,score_7.7_momentum_0.0091,7.66,,,,,
2026-04-24T11:11:23.653590,RISK_CHECK,MRVL,,50,153.13,approved,,,,,,
2026-04-24T11:11:23.689644,EXECUTION,MRVL,,50,153.13,,,18764.5,11108.0,99122.5,-877.5,0.0
2026-04-24T11:11:24.238510,PORTFOLIO_UPDATE,,,,,,,,,,,
2026-04-24T11:11:26.375029,SIGNAL,CHRW,,,,score_9.7_momentum_0.0037,9.7,,,,,
2026-04-24T11:11:26.423880,DECISION,CHRW,BUY,,,score_9.7_momentum_0.0037,9.7,,,,,
2026-04-24T11:11:26.482132,RISK_CHECK,CHRW,,50,396.71,insufficient_cash,,,,,,
2026-04-24T11:11:27.005568,PORTFOLIO_UPDATE,,,,,,,,,,,
2026-04-24T11:11:29.305974,SIGNAL,PTON,,,,score_9.1_momentum_0.0059,9.07,,,,,
2026-04-24T11:11:29.353254,DECISION,PTON,BUY,,,score_9.1_momentum_0.0059,9.07,,,,,
2026-04-24T11:11:29.392896,RISK_CHECK,PTON,,50,228.3,insufficient_cash,,,,,,
2026-04-24T11:11:29.436741,SIGNAL,AVGO,,,,score_8.5_momentum_0.0057,8.51,,,,,
2026-04-24T11:11:29.472482,DECISION,AVGO,BUY,,,score_8.5_momentum_0.0057,8.51,,,,,
2026-04-24T11:11:29.513866,RISK_CHECK,AVGO,,50,113.19,approved,,,,,,
2026-04-24T11:11:29.556809,EXECUTION,AVGO,,50,113.19,,,11108.0,5448.5,99122.5,-877.5,0.0
2026-04-24T11:11:30.115973,PORTFOLIO_UPDATE,,,,,,,,,,,
2026-04-24T11:11:32.335119,SIGNAL,PTON,,,,score_11.4_momentum_0.0041,11.44,,,,,
2026-04-24T11:11:32.374511,DECISION,PTON,BUY,,,score_11.4_momentum_0.0041,11.44,,,,,
2026-04-24T11:11:32.416671,RISK_CHECK,PTON,,50,228.05,insufficient_cash,,,,,,
2026-04-24T11:11:32.913064,PORTFOLIO_UPDATE,,,,,,,,,,,
2026-04-24T11:11:35.209286,SIGNAL,NVDA,,,,score_9.0_momentum_0.0028,9.03,,,,,
2026-04-24T11:11:35.281946,DECISION,NVDA,BUY,,,score_9.0_momentum_0.0028,9.03,,,,,
2026-04-24T11:11:35.415883,RISK_CHECK,NVDA,,50,446.55,insufficient_cash,,,,,,
2026-04-24T11:11:35.632712,SIGNAL,J,,,,score_dropped_8.8_momentum_-0.0064,8.81,,,,,
2026-04-24T11:11:35.751562,DECISION,J,SELL,,,score_dropped_8.8_momentum_-0.0064,8.81,,,,,
2026-04-24T11:11:35.863179,RISK_CHECK,J,,50,408.55,approved,,,,,,
2026-04-24T11:11:35.942035,EXECUTION,J,,-50,408.55,,,5448.5,25876.0,98451.0,-1549.0,0.0
2026-04-24T11:11:36.535014,PORTFOLIO_UPDATE,,,,,,,,,,,
2026-04-24T11:11:38.682747,PORTFOLIO_UPDATE,,,,,,,,,,,
2026-04-24T11:11:41.288811,SIGNAL,REGI,,,,score_dropped_12.3_momentum_-0.0105,12.32,,,,,
2026-04-24T11:11:41.345987,DECISION,REGI,SELL,,,score_dropped_12.3_momentum_-0.0105,12.32,,,,,
2026-04-24T11:11:41.385624,RISK_CHECK,REGI,,50,127.57,stop_loss_triggered,,,,,,
2026-04-24T11:11:41.904443,PORTFOLIO_UPDATE,,,,,,,,,,,
2026-04-24T11:11:44.256751,SIGNAL,XPO,,,,score_10.6_momentum_0.0097,10.57,,,,,
2026-04-24T11:11:44.295443,DECISION,XPO,BUY,,,score_10.6_momentum_0.0097,10.57,,,,,
2026-04-24T11:11:44.344116,RISK_CHECK,XPO,,50,358.62,total_exposure_exceeds_limit,,,,,,
2026-04-24T11:11:44.389195,SIGNAL,KMTB,,,,score_10.0_momentum_0.0020,9.97,,,,,
2026-04-24T11:11:44.434083,DECISION,KMTB,BUY,,,score_10.0_momentum_0.0020,9.97,,,,,
2026-04-24T11:11:44.476136,RISK_CHECK,KMTB,,50,170.6,total_exposure_exceeds_limit,,,,,,
2026-04-24T11:11:44.518640,SIGNAL,AMD,,,,score_9.5_momentum_0.0104,9.46,,,,,
2026-04-24T11:11:44.558231,DECISION,AMD,BUY,,,score_9.5_momentum_0.0104,9.46,,,,,
2026-04-24T11:11:44.601611,RISK_CHECK,AMD,,50,335.05,total_exposure_exceeds_limit,,,,,,
2026-04-24T11:11:44.647571,SIGNAL,ACN,,,,score_8.4_momentum_0.0014,8.44,,,,,
2026-04-24T11:11:44.688290,DECISION,ACN,BUY,,,score_8.4_momentum_0.0014,8.44,,,,,
2026-04-24T11:11:44.738233,RISK_CHECK,ACN,,50,500.54,position_size_exceeds_limit_49,,,,,,
2026-04-24T11:11:45.267842,PORTFOLIO_UPDATE,,,,,,,,,,,
2026-04-24T11:11:47.232788,SIGNAL,AMD,,,,score_10.7_momentum_0.0025,10.71,,,,,
2026-04-24T11:11:47.271695,DECISION,AMD,BUY,,,score_10.7_momentum_0.0025,10.71,,,,,
2026-04-24T11:11:47.315388,RISK_CHECK,AMD,,50,335.99,total_exposure_exceeds_limit,,,,,,
2026-04-24T11:11:47.358474,SIGNAL,REGI,,,,score_dropped_9.6_momentum_-0.0057,9.57,,,,,
2026-04-24T11:11:47.418296,DECISION,REGI,SELL,,,score_dropped_9.6_momentum_-0.0057,9.57,,,,,
2026-04-24T11:11:47.498217,RISK_CHECK,REGI,,50,127.23,stop_loss_triggered,,,,,,
2026-04-24T11:11:48.157182,PORTFOLIO_UPDATE,,,,,,,,,,,
2026-04-24T11:11:50.252072,SIGNAL,GOOGL,,,,score_10.3_momentum_0.0060,10.34,,,,,
2026-04-24T11:11:50.291229,DECISION,GOOGL,BUY,,,score_10.3_momentum_0.0060,10.34,,,,,
2026-04-24T11:11:50.343465,RISK_CHECK,GOOGL,,50,479.11,total_exposure_exceeds_limit,,,,,,
2026-04-24T11:11:51.292652,PORTFOLIO_UPDATE,,,,,,,,,,,
2026-04-24T11:11:53.251050,SIGNAL,CRM,,,,score_11.0_momentum_0.0109,10.97,,,,,
2026-04-24T11:11:53.291028,DECISION,CRM,BUY,,,score_11.0_momentum_0.0109,10.97,,,,,
2026-04-24T11:11:53.342434,RISK_CHECK,CRM,,50,203.05,total_exposure_exceeds_limit,,,,,,
2026-04-24T11:11:53.379855,SIGNAL,REGI,,,,score_dropped_9.1_momentum_-0.0027,9.09,,,,,
2026-04-24T11:11:53.426760,DECISION,REGI,SELL,,,score_dropped_9.1_momentum_-0.0027,9.09,,,,,
2026-04-24T11:11:53.470599,RISK_CHECK,REGI,,50,126.89,stop_loss_triggered,,,,,,
2026-04-24T11:11:54.052068,PORTFOLIO_UPDATE,,,,,,,,,,,
2026-04-24T11:11:56.648592,SIGNAL,XPO,,,,score_11.4_momentum_0.0133,11.44,,,,,
2026-04-24T11:11:56.717635,DECISION,XPO,BUY,,,score_11.4_momentum_0.0133,11.44,,,,,
2026-04-24T11:11:56.764272,RISK_CHECK,XPO,,50,362.0,total_exposure_exceeds_limit,,,,,,
2026-04-24T11:11:56.802739,SIGNAL,SQ,,,,score_dropped_11.3_momentum_-0.0053,11.27,,,,,
2026-04-24T11:11:56.853565,DECISION,SQ,SELL,,,score_dropped_11.3_momentum_-0.0053,11.27,,,,,
2026-04-24T11:11:56.892510,RISK_CHECK,SQ,,50,276.07,approved,,,,,,
2026-04-24T11:11:56.938074,EXECUTION,SQ,,-50,276.07,,,25876.0,39679.5,98869.5,-1130.5,0.0
2026-04-24T11:11:56.979363,SIGNAL,TWTR,,,,score_9.6_momentum_0.0069,9.63,,,,,
2026-04-24T11:11:57.025216,DECISION,TWTR,BUY,,,score_9.6_momentum_0.0069,9.63,,,,,
2026-04-24T11:11:57.065795,RISK_CHECK,TWTR,,50,452.29,total_exposure_exceeds_limit,,,,,,
2026-04-24T11:11:57.596093,PORTFOLIO_UPDATE,,,,,,,,,,,
2026-04-24T11:11:59.307385,SIGNAL,GOOGL,,,,score_12.5_momentum_0.0096,12.51,,,,,
2026-04-24T11:11:59.374407,DECISION,GOOGL,BUY,,,score_12.5_momentum_0.0096,12.51,,,,,
2026-04-24T11:11:59.435280,RISK_CHECK,GOOGL,,50,481.75,total_exposure_exceeds_limit,,,,,,
2026-04-24T11:11:59.494438,SIGNAL,CLSK,,,,score_10.3_momentum_0.0096,10.29,,,,,
2026-04-24T11:11:59.550329,DECISION,CLSK,BUY,,,score_10.3_momentum_0.0096,10.29,,,,,
2026-04-24T11:11:59.589754,RISK_CHECK,CLSK,,50,408.93,total_exposure_exceeds_limit,,,,,,
2026-04-24T11:12:00.223813,PORTFOLIO_UPDATE,,,,,,,,,,,
2026-04-24T11:12:02.280226,SIGNAL,SNOW,,,,score_8.9_momentum_0.0032,8.91,,,,,
2026-04-24T11:12:02.326746,DECISION,SNOW,BUY,,,score_8.9_momentum_0.0032,8.91,,,,,
2026-04-24T11:12:02.371820,RISK_CHECK,SNOW,,50,210.27,total_exposure_exceeds_limit,,,,,,
2026-04-24T11:12:02.416981,SIGNAL,KLA,,,,score_8.8_momentum_0.0022,8.8,,,,,
2026-04-24T11:12:02.462226,DECISION,KLA,BUY,,,score_8.8_momentum_0.0022,8.8,,,,,
2026-04-24T11:12:02.502079,RISK_CHECK,KLA,,50,381.92,total_exposure_exceeds_limit,,,,,,
2026-04-24T11:12:03.066819,PORTFOLIO_UPDATE,,,,,,,,,,,
2026-04-24T11:12:05.488409,SIGNAL,RBLX,,,,score_12.1_momentum_0.0093,12.05,,,,,
2026-04-24T11:12:05.576359,DECISION,RBLX,BUY,,,score_12.1_momentum_0.0093,12.05,,,,,
2026-04-24T11:12:05.630622,RISK_CHECK,RBLX,,50,509.15,position_size_exceeds_limit_49,,,,,,
2026-04-24T11:12:05.670535,SIGNAL,DDOG,,,,score_9.7_momentum_0.0050,9.65,,,,,
2026-04-24T11:12:05.713055,DECISION,DDOG,BUY,,,score_9.7_momentum_0.0050,9.65,,,,,
2026-04-24T11:12:05.764054,RISK_CHECK,DDOG,,50,406.19,total_exposure_exceeds_limit,,,,,,
2026-04-24T11:12:05.820745,SIGNAL,FTCH,,,,score_8.9_momentum_0.0084,8.95,,,,,
2026-04-24T11:12:05.865806,DECISION,FTCH,BUY,,,score_8.9_momentum_0.0084,8.95,,,,,
2026-04-24T11:12:05.909491,RISK_CHECK,FTCH,,50,271.07,total_exposure_exceeds_limit,,,,,,
2026-04-24T11:12:07.227306,PORTFOLIO_UPDATE,,,,,,,,,,,
2026-04-24T11:12:08.561296,SIGNAL,RBLX,,,,score_11.0_momentum_0.0095,10.97,,,,,
2026-04-24T11:12:08.605241,DECISION,RBLX,BUY,,,score_11.0_momentum_0.0095,10.97,,,,,
2026-04-24T11:12:08.657065,RISK_CHECK,RBLX,,50,510.88,position_size_exceeds_limit_48,,,,,,
2026-04-24T11:12:08.697980,SIGNAL,ETSY,,,,score_9.7_momentum_0.0075,9.72,,,,,
2026-04-24T11:12:08.749663,DECISION,ETSY,BUY,,,score_9.7_momentum_0.0075,9.72,,,,,
2026-04-24T11:12:08.800850,RISK_CHECK,ETSY,,50,440.53,total_exposure_exceeds_limit,,,,,,
2026-04-24T11:12:09.716157,PORTFOLIO_UPDATE,,,,,,,,,,,
2026-04-24T11:12:11.434336,SIGNAL,DASH,,,,score_8.6_momentum_0.0011,8.64,,,,,
2026-04-24T11:12:11.576759,DECISION,DASH,BUY,,,score_8.6_momentum_0.0011,8.64,,,,,
2026-04-24T11:12:11.820972,RISK_CHECK,DASH,,50,111.01,approved,,,,,,
2026-04-24T11:12:11.973935,EXECUTION,DASH,,50,111.01,,,39679.5,34129.0,98869.5,-1130.5,0.0
2026-04-24T11:12:12.646180,PORTFOLIO_UPDATE,,,,,,,,,,,
2026-04-24T11:12:14.448532,SIGNAL,GOOGL,,,,score_10.9_momentum_0.0079,10.88,,,,,
2026-04-24T11:12:14.490009,DECISION,GOOGL,BUY,,,score_10.9_momentum_0.0079,10.88,,,,,
2026-04-24T11:12:14.540390,RISK_CHECK,GOOGL,,50,486.19,total_exposure_exceeds_limit,,,,,,
2026-04-24T11:12:14.579419,SIGNAL,VRSN,,,,score_10.4_momentum_0.0083,10.39,,,,,
2026-04-24T11:12:14.626325,DECISION,VRSN,BUY,,,score_10.4_momentum_0.0083,10.39,,,,,
2026-04-24T11:12:14.677357,RISK_CHECK,VRSN,,50,96.14,approved,,,,,,
2026-04-24T11:12:14.739371,EXECUTION,VRSN,,50,96.14,,,34129.0,29322.0,98869.5,-1130.5,0.0
2026-04-24T11:12:14.783363,SIGNAL,YUM,,,,score_9.7_momentum_0.0070,9.65,,,,,
2026-04-24T11:12:14.836460,DECISION,YUM,BUY,,,score_9.7_momentum_0.0070,9.65,,,,,
2026-04-24T11:12:14.889696,RISK_CHECK,YUM,,50,148.45,total_exposure_exceeds_limit,,,,,,
2026-04-24T11:12:15.593352,PORTFOLIO_UPDATE,,,,,,,,,,,
2026-04-24T11:12:17.554457,SIGNAL,RBLX,,,,score_11.5_momentum_0.0076,11.48,,,,,
2026-04-24T11:12:17.598431,DECISION,RBLX,BUY,,,score_11.5_momentum_0.0076,11.48,,,,,
2026-04-24T11:12:17.648363,RISK_CHECK,RBLX,,50,512.61,position_size_exceeds_limit_48,,,,,,
2026-04-24T11:12:17.688451,SIGNAL,GOOGL,,,,score_9.5_momentum_0.0021,9.52,,,,,
2026-04-24T11:12:17.734596,DECISION,GOOGL,BUY,,,score_9.5_momentum_0.0021,9.52,,,,,
2026-04-24T11:12:17.780499,RISK_CHECK,GOOGL,,50,485.79,total_exposure_exceeds_limit,,,,,,
2026-04-24T11:12:18.373969,PORTFOLIO_UPDATE,,,,,,,,,,,
2026-04-24T11:12:20.353945,SIGNAL,TTD,,,,score_dropped_9.0_momentum_-0.0097,8.97,,,,,
2026-04-24T11:12:20.395695,DECISION,TTD,SELL,,,score_dropped_9.0_momentum_-0.0097,8.97,,,,,
2026-04-24T11:12:20.445125,RISK_CHECK,TTD,,50,129.74,approved,,,,,,
2026-04-24T11:12:20.485044,EXECUTION,TTD,,-50,129.74,,,29322.0,35809.0,98646.0,-1354.0,0.0
2026-04-24T11:12:20.531591,SIGNAL,RBLX,,,,score_8.2_momentum_0.0011,8.16,,,,,
2026-04-24T11:12:20.572884,DECISION,RBLX,BUY,,,score_8.2_momentum_0.0011,8.16,,,,,
2026-04-24T11:12:20.617429,RISK_CHECK,RBLX,,50,512.05,position_size_exceeds_limit_48,,,,,,
2026-04-24T11:12:20.665308,SIGNAL,RIVN,,,,score_8.2_momentum_0.0042,8.16,,,,,
2026-04-24T11:12:20.718616,DECISION,RIVN,BUY,,,score_8.2_momentum_0.0042,8.16,,,,,
2026-04-24T11:12:20.790527,RISK_CHECK,RIVN,,50,396.47,total_exposure_exceeds_limit,,,,,,
2026-04-24T11:12:20.841504,SIGNAL,RIOT,,,,score_7.9_momentum_0.0050,7.86,,,,,
2026-04-24T11:12:20.883667,DECISION,RIOT,BUY,,,score_7.9_momentum_0.0050,7.86,,,,,
2026-04-24T11:12:20.974334,RISK_CHECK,RIOT,,50,452.64,total_exposure_exceeds_limit,,,,,,
2026-04-24T11:12:21.539546,PORTFOLIO_UPDATE,,,,,,,,,,,
2026-04-24T11:12:23.376277,SIGNAL,RBLX,,,,score_10.2_momentum_0.0065,10.19,,,,,
2026-04-24T11:12:23.425491,DECISION,RBLX,BUY,,,score_10.2_momentum_0.0065,10.19,,,,,
2026-04-24T11:12:23.471683,RISK_CHECK,RBLX,,50,515.42,position_size_exceeds_limit_48,,,,,,
2026-04-24T11:12:23.522690,SIGNAL,AMD,,,,score_8.7_momentum_0.0051,8.7,,,,,
2026-04-24T11:12:23.569280,DECISION,AMD,BUY,,,score_8.7_momentum_0.0051,8.7,,,,,
2026-04-24T11:12:23.640656,RISK_CHECK,AMD,,50,339.11,total_exposure_exceeds_limit,,,,,,
2026-04-24T11:12:23.761101,SIGNAL,CSCO,,,,score_7.3_momentum_0.0032,7.27,,,,,
2026-04-24T11:12:23.918372,DECISION,CSCO,BUY,,,score_7.3_momentum_0.0032,7.27,,,,,
2026-04-24T11:12:24.085374,RISK_CHECK,CSCO,,50,283.64,total_exposure_exceeds_limit,,,,,,
2026-04-24T11:12:25.655699,PORTFOLIO_UPDATE,,,,,,,,,,,
2026-04-24T11:12:31.253735,PORTFOLIO_UPDATE,,,,,,,,,,,
2026-04-24T11:12:34.495199,PORTFOLIO_UPDATE,,,,,,,,,,,
2026-04-24T11:12:37.801635,PORTFOLIO_UPDATE,,,,,,,,,,,
2026-04-24T11:12:40.526298,PORTFOLIO_UPDATE,,,,,,,,,,,
2026-04-24T11:12:43.635207,PORTFOLIO_UPDATE,,,,,,,,,,,
2026-04-24T11:12:46.652710,SIGNAL,VRSN,,,,score_10.5_momentum_0.0083,10.46,,,,,
2026-04-24T11:12:46.715375,DECISION,VRSN,BUY,,,score_10.5_momentum_0.0083,10.46,,,,,
2026-04-24T11:12:46.774455,RISK_CHECK,VRSN,,50,97.48,approved,,,,,,
2026-04-24T11:12:46.824124,EXECUTION,VRSN,,50,97.48,,,100000.0,95126.0,100000.0,0.0,0.0
2026-04-24T11:12:46.877586,SIGNAL,UBER,,,,score_10.2_momentum_0.0075,10.18,,,,,
2026-04-24T11:12:46.930771,DECISION,UBER,BUY,,,score_10.2_momentum_0.0075,10.18,,,,,
2026-04-24T11:12:46.978257,RISK_CHECK,UBER,,50,322.95,approved,,,,,,
2026-04-24T11:12:47.027698,EXECUTION,UBER,,50,322.95,,,95126.0,78978.5,100000.0,0.0,0.0
2026-04-24T11:12:47.073496,SIGNAL,S,,,,score_8.3_momentum_0.0044,8.32,,,,,
2026-04-24T11:12:47.120983,DECISION,S,BUY,,,score_8.3_momentum_0.0044,8.32,,,,,
2026-04-24T11:12:47.170061,RISK_CHECK,S,,50,259.81,approved,,,,,,
2026-04-24T11:12:47.217142,EXECUTION,S,,50,259.81,,,78978.5,65988.0,100000.0,0.0,0.0
2026-04-24T11:12:47.426246,PORTFOLIO_UPDATE,,,,,,,,,,,
2026-04-24T11:12:49.634927,SIGNAL,FTCH,,,,score_10.6_momentum_0.0062,10.59,,,,,
2026-04-24T11:12:49.677643,DECISION,FTCH,BUY,,,score_10.6_momentum_0.0062,10.59,,,,,
2026-04-24T11:12:49.731579,RISK_CHECK,FTCH,,50,274.42,approved,,,,,,
2026-04-24T11:12:49.784901,EXECUTION,FTCH,,50,274.42,,,65988.0,52267.0,100000.0,0.0,0.0
2026-04-24T11:12:50.062170,PORTFOLIO_UPDATE,,,,,,,,,,,
2026-04-24T11:12:52.792535,PORTFOLIO_UPDATE,,,,,,,,,,,
2026-04-24T11:12:56.109708,PORTFOLIO_UPDATE,,,,,,,,,,,
2026-04-24T11:12:58.633435,SIGNAL,REGI,,,,score_9.2_momentum_0.0070,9.22,,,,,
2026-04-24T11:12:58.678561,DECISION,REGI,BUY,,,score_9.2_momentum_0.0070,9.22,,,,,
2026-04-24T11:12:58.725127,RISK_CHECK,REGI,,50,126.72,approved,,,,,,
2026-04-24T11:12:58.776149,EXECUTION,REGI,,50,126.72,,,52267.0,45931.0,100000.0,0.0,0.0
2026-04-24T11:12:58.824289,SIGNAL,SUMO,,,,score_8.3_momentum_0.0089,8.3,,,,,
2026-04-24T11:12:58.876078,DECISION,SUMO,BUY,,,score_8.3_momentum_0.0089,8.3,,,,,
2026-04-24T11:12:58.929169,RISK_CHECK,SUMO,,50,316.88,total_exposure_exceeds_limit,,,,,,
2026-04-24T11:12:59.163764,PORTFOLIO_UPDATE,,,,,,,,,,,
2026-04-24T11:13:01.685623,SIGNAL,SNOW,,,,score_11.1_momentum_0.0152,11.12,,,,,
2026-04-24T11:13:01.735762,DECISION,SNOW,BUY,,,score_11.1_momentum_0.0152,11.12,,,,,
2026-04-24T11:13:01.781611,RISK_CHECK,SNOW,,50,213.69,approved,,,,,,
2026-04-24T11:13:01.830545,EXECUTION,SNOW,,50,213.69,,,45931.0,35246.5,100000.0,0.0,0.0
2026-04-24T11:13:01.874372,SIGNAL,BIDU,,,,score_9.2_momentum_0.0037,9.22,,,,,
2026-04-24T11:13:01.928103,DECISION,BIDU,BUY,,,score_9.2_momentum_0.0037,9.22,,,,,
2026-04-24T11:13:01.977683,RISK_CHECK,BIDU,,50,297.71,total_exposure_exceeds_limit,,,,,,
2026-04-24T11:13:02.224754,PORTFOLIO_UPDATE,,,,,,,,,,,
2026-04-24T11:13:04.650621,SIGNAL,ABNB,,,,score_10.4_momentum_0.0049,10.41,,,,,
2026-04-24T11:13:04.720526,DECISION,ABNB,BUY,,,score_10.4_momentum_0.0049,10.41,,,,,
2026-04-24T11:13:04.771309,RISK_CHECK,ABNB,,50,381.12,total_exposure_exceeds_limit,,,,,,
2026-04-24T11:13:05.060634,PORTFOLIO_UPDATE,,,,,,,,,,,
2026-04-24T11:13:07.874247,PORTFOLIO_UPDATE,,,,,,,,,,,
2026-04-24T11:13:10.886146,SIGNAL,RIOT,,,,score_10.2_momentum_0.0045,10.22,,,,,
2026-04-24T11:13:11.055869,DECISION,RIOT,BUY,,,score_10.2_momentum_0.0045,10.22,,,,,
2026-04-24T11:13:11.151295,RISK_CHECK,RIOT,,50,466.61,total_exposure_exceeds_limit,,,,,,
2026-04-24T11:13:11.431405,PORTFOLIO_UPDATE,,,,,,,,,,,
2026-04-24T11:13:13.673602,SIGNAL,CDNS,,,,score_9.9_momentum_0.0045,9.92,,,,,
2026-04-24T11:13:13.727262,DECISION,CDNS,BUY,,,score_9.9_momentum_0.0045,9.92,,,,,
2026-04-24T11:13:13.773442,RISK_CHECK,CDNS,,50,417.56,total_exposure_exceeds_limit,,,,,,
2026-04-24T11:13:14.020087,PORTFOLIO_UPDATE,,,,,,,,,,,
